year,Date,C58157,C54986,C55D7C,C535CA,C54992,C535C9,2F71D1,012384F3720B710DEE,C54762,C562C6
2021,44197,0.37,,0.34,0.34,0.37,,0.41,0.47,0.34,
2021,44198,1.14,,0.98,0.98,1.14,,1.07,0.9,0.98,
2021,44199,0.73,,0.69,0.69,0.73,,0.89,0.79,0.69,
2021,44200,0.24,,0.34,0.34,0.24,,0.46,0.44,0.34,
2021,44201,0.39,,0.37,0.37,0.39,,0.62,0.59,0.37,
2021,44202,0.16,,0.03,0.03,0.16,,0.23,0.24,0.03,
2021,44203,0.40,,0.52,0.52,0.4,,0.6,0.58,0.52,
2021,44204,0.21,,0.34,0.34,0.21,,0.44,0.48,0.34,
2021,44205,0.32,,0.31,0.31,0.32,,0.34,0.38,0.31,
2021,44206,0.13,,0.14,0.14,0.13,,0.15,0.21,0.14,
2021,44207,0.18,,-0.08,-0.08,0.18,,0.16,0.19,-0.08,
2021,44208,0.30,,0.23,0.23,0.3,,0.28,0.25,0.23,
2021,44209,-0.05,,0,0,-0.05,,0.23,0.18,0,
2021,44210,-0.04,,-0.07,-0.07,-0.04,,0.15,0.09,-0.07,
2021,44211,-0.08,,0.07,0.07,-0.08,,0.15,0.13,0.07,
2021,44212,0.17,,0.28,0.28,0.17,,0.34,0.3,0.28,
2021,44213,0.12,,0.29,0.29,0.12,,0.28,0.13,0.29,
2021,44214,0.18,,0.14,0.14,0.18,,0.11,0.2,0.14,
2021,44215,0.26,,0.32,0.32,0.26,,0.41,0.41,0.32,
2021,44216,0.23,,0.25,0.25,0.23,,0.44,0.43,0.25,
2021,44217,0.15,,0.13,0.13,0.15,,0.34,0.35,0.13,
2021,44218,0.32,,0.4,0.4,0.32,,0.54,0.54,0.4,
2021,44219,0.37,,0.35,0.35,0.37,,0.48,0.49,0.35,
2021,44220,0.19,,0.12,0.12,0.19,,0.22,0.14,0.12,
2021,44221,0.18,,0.26,0.26,0.18,,0.34,0.31,0.26,
2021,44222,0.23,,0.41,0.41,0.23,,0.55,0.5,0.41,
2021,44223,0.30,,0.5,0.5,0.3,,0.64,0.55,0.5,
2021,44224,0.17,,0.24,0.24,0.17,,0.29,0.25,0.24,
2021,44225,0.33,,0.59,0.59,0.33,,0.77,0.68,0.59,
2021,44226,0.44,,0.45,0.45,0.44,,0.63,0.48,0.45,
2021,44227,0.93,,0.81,0.81,0.93,,1.25,1.18,0.81,
2021,44228,0.42,,0.54,0.54,0.42,,0.82,0.78,0.54,
2021,44229,0.45,,0.57,0.57,0.45,,0.67,0.65,0.57,
2021,44230,0.54,,0.61,0.61,0.54,,0.74,0.72,0.61,
2021,44231,0.45,,0.62,0.62,0.45,,0.83,0.78,0.62,
2021,44232,0.77,,0.81,0.81,0.77,,0.85,0.8,0.81,
2021,44233,1.11,,0.71,0.71,1.11,,0.86,1.04,0.71,
2021,44234,0.99,,0.78,0.78,0.99,,1.13,0.94,0.78,
2021,44235,0.36,,0.61,0.61,0.36,,0.77,0.79,0.61,
2021,44236,0.55,,0.58,0.58,0.55,,0.92,0.82,0.58,
2021,44237,0.28,,0.33,0.33,0.28,,0.59,0.57,0.33,
2021,44238,0.51,,0.54,0.54,0.51,,0.64,0.67,0.54,
2021,44239,0.75,,0.55,0.55,0.75,,0.68,0.94,0.55,
2021,44240,1.50,,1.27,1.27,1.5,,1.25,1.37,1.27,
2021,44241,1.49,,1.42,1.42,1.49,,1.46,1.3,1.42,
2021,44242,0.83,,0.88,0.88,0.83,,0.92,0.85,0.88,
2021,44243,0.51,,0.63,0.63,0.51,,0.92,1.01,0.63,
2021,44244,1.93,,1.9,1.9,1.93,,2.21,1.98,1.9,
2021,44245,1.64,,1.64,1.64,1.64,,1.76,1.79,1.64,
2021,44246,1.39,,1.49,1.49,1.39,,1.56,1.53,1.49,
2021,44247,1.18,,1.07,1.07,1.18,,0.96,1.28,1.07,
2021,44248,1.49,,1.32,1.32,1.49,,1.53,1.45,1.32,
2021,44249,0.51,,0.62,0.62,0.51,,0.83,0.88,0.62,
2021,44250,1.05,,0.97,0.97,1.05,,1.17,1.2,0.97,
2021,44251,1.20,,1.12,1.12,1.2,,1.26,1.25,1.12,
2021,44252,0.91,,0.94,0.94,0.91,,1.03,0.99,0.94,
2021,44253,0.71,,0.64,0.64,0.71,,0.76,0.82,0.64,
2021,44254,1.77,,1.44,1.44,1.77,,1.36,1.39,1.44,
2021,44255,1.73,,0.83,0.83,1.73,,1.19,1.38,0.83,
2021,44256,1.16,,0.76,0.76,1.16,,0.9,0.99,0.76,
2021,44257,1.11,,1.11,1.11,1.11,,1.26,1.21,1.11,
2021,44258,1.41,,1.1,1.1,1.41,,1.22,1.29,1.1,
2021,44259,1.36,,1.15,1.15,1.36,,1.43,1.25,1.15,
2021,44260,1.23,,1.03,1.03,1.23,,1.06,1.23,1.03,
2021,44261,1.14,,0.93,0.93,1.14,,1.23,1.3,0.93,
2021,44262,1.45,,1.36,1.36,1.45,,1.39,1.49,1.36,
2021,44263,2.08,,1.92,1.92,2.08,,1.68,1.78,1.92,
2021,44264,2.21,,1.36,1.36,2.21,,1.79,1.75,1.36,
2021,44265,2.32,,1.23,1.23,2.32,,1.84,2.03,1.23,
2021,44266,2.61,,,,2.61,,2.66,2.49,,
2021,44267,2.24,,,,2.24,,2.02,1.7,,
2021,44268,2.27,,2.49,2.49,2.27,,2.32,2.13,2.49,
2021,44269,1.73,,1.41,1.41,1.73,,1.55,1.43,1.41,
2021,44270,0.95,,0.8,0.8,0.95,,1.04,1.13,0.8,
2021,44271,0.97,,1.06,1.06,0.97,,1.06,0.95,1.06,
2021,44272,1.29,,1.01,1.01,1.29,,1.38,1.44,1.01,
2021,44273,2.33,,1.8,1.8,2.33,,1.75,1.63,1.8,
2021,44274,2.86,,2.75,2.75,2.86,,2.98,2.98,2.75,
2021,44275,1.74,,1.65,1.65,1.74,,1.28,1.13,1.65,
2021,44276,2.04,,1.77,1.77,2.04,,1.57,1.58,1.77,
2021,44277,2.65,,1.97,1.97,2.65,,1.91,2.01,1.97,
2021,44278,2.36,,1.94,1.94,2.36,,1.9,1.94,1.94,
2021,44279,2.27,,1.95,1.95,2.27,,1.94,2,1.95,
2021,44280,2.47,,1.99,1.99,2.47,,2.12,2.11,1.99,
2021,44281,2.89,,2.52,2.52,2.89,,2.64,2.36,2.52,
2021,44282,1.50,,1.53,1.53,1.5,,1.4,1.36,1.53,
2021,44283,1.96,,1.92,1.92,1.96,,1.83,1.69,1.92,
2021,44284,1.70,,1.66,1.66,1.7,,1.8,1.51,1.66,
2021,44285,1.82,,2.04,2.04,1.82,,1.71,1.76,2.04,
2021,44286,0.90,,0.69,0.69,0.9,,1.14,1.27,0.69,
2021,44287,0.52,,0.62,0.62,0.52,,0.76,0.83,0.62,
2021,44288,1.57,,1.45,1.45,1.57,,1.64,1.88,1.45,
2021,44289,1.84,,1.55,1.55,1.84,,1.42,1.38,1.55,
2021,44290,0.96,,0.82,0.82,0.96,,0.86,0.81,0.82,
2021,44291,0.88,,0.92,0.92,0.88,,1.07,1.04,0.92,
2021,44292,1.71,,1.6,1.6,1.71,,1.32,1.26,1.6,
2021,44293,2.40,,2.43,2.43,2.4,,2.55,2.43,2.43,
2021,44294,1.14,,1.36,1.36,1.14,,1.32,1.14,1.36,
2021,44295,1.93,,1.9,1.9,1.93,,2.14,2.11,1.9,
2021,44296,1.96,,1.95,1.95,1.96,,2.09,1.93,1.95,
2021,44297,3.13,,2.88,2.88,3.13,,3.03,3.13,2.88,
2021,44298,3.70,,3.11,3.11,3.7,,3.31,2.97,3.11,
2021,44299,1.56,,2.08,2.08,1.56,,1.17,1.41,2.08,
2021,44300,2.46,,2.26,2.26,2.46,,2.2,1.99,2.26,
2021,44301,2.74,,2.08,2.08,2.74,,2.46,2.37,2.08,
2021,44302,3.11,,3.06,3.06,3.11,,3.09,3.08,3.06,
2021,44303,4.15,,3.49,3.49,4.15,,3.52,3.46,3.49,
2021,44304,3.65,,3.06,3.06,3.65,,3.13,3.22,3.06,
2021,44305,3.41,,3.03,3.03,3.41,,3.18,2.52,3.03,
2021,44306,3.91,,4.11,4.11,3.91,,3.63,3.89,4.11,
2021,44307,3.79,,3.73,3.73,3.79,,3.82,3.71,3.73,
2021,44308,3.21,,2.78,2.78,3.21,,2.71,2.77,2.78,
2021,44309,3.53,,3.48,3.48,3.53,,3.8,3.82,3.48,
2021,44310,4.16,,4.02,4.02,4.16,,4.2,4.15,4.02,
2021,44311,2.01,,1.89,1.89,2.01,,2.15,1.63,1.89,
2021,44312,1.95,,2.11,2.11,1.95,,2.59,2.83,2.11,
2021,44313,3.10,,2.93,2.93,3.1,,3.16,2.77,2.93,
2021,44314,3.59,,3.53,3.53,3.59,,3.36,3.34,3.53,
2021,44315,2.23,,1.93,1.93,2.23,,2.19,2.45,1.93,
2021,44316,2.49,,2.67,2.67,2.49,,1.78,2.32,2.67,
2021,44317,2.44,,2.56,2.56,2.44,,2.59,2.57,2.56,
2021,44318,3.93,,3.45,3.45,3.93,,3.48,3.29,3.45,
2021,44319,3.83,,3.56,3.56,3.83,,2.84,2.7,3.56,
2021,44320,3.26,,3.48,3.48,3.26,,3.17,2.72,3.48,
2021,44321,2.25,,1.93,1.93,2.25,,2.17,2.04,1.93,
2021,44322,3.11,,3.12,3.12,3.11,,3.13,3.39,3.12,
2021,44323,2.53,,2.89,2.89,2.53,,3.48,2.99,2.89,
2021,44324,3.23,,3.83,3.83,3.23,,3.97,4.06,3.83,
2021,44325,4.18,,3.98,3.98,4.18,,4.13,3.89,3.98,
2021,44326,4.13,,3.62,3.62,4.13,,3.53,3.86,3.62,
2021,44327,5.31,,4.9,4.9,5.31,,5.02,4.83,4.9,
2021,44328,3.39,,3.5,3.5,3.39,,3.58,3.9,3.5,
2021,44329,3.94,,3.69,3.69,3.94,,3.72,3.66,3.69,
2021,44330,4.25,,4.14,4.14,4.25,,4.33,4.14,4.14,
2021,44331,5.21,,4.55,4.55,5.21,,5.05,4.83,4.55,
2021,44332,4.12,,3.24,3.24,4.12,,4.03,4.12,3.24,
2021,44333,4.51,,2.87,2.87,4.51,,4.19,4.74,2.87,
2021,44334,4.55,,4.34,4.34,4.55,,4.54,4.79,4.34,
2021,44335,4.45,,3.99,3.99,4.45,,2.9,2.71,3.99,
2021,44336,1.96,,2.13,2.13,1.96,,1.89,1.93,2.13,
2021,44337,3.85,,3.52,3.52,3.85,,3.43,3.83,3.52,
2021,44338,4.29,,4.38,4.38,4.29,,4.23,3.9,4.38,
2021,44339,2.27,,2.83,2.83,2.27,,1.77,1.67,2.83,
2021,44340,2.83,,2.73,2.73,2.83,,3.05,3.15,2.73,
2021,44341,3.62,,3.42,3.42,3.62,,3.19,3.09,3.42,
2021,44342,3.53,,3.54,3.54,3.53,,3.49,3.35,3.54,
2021,44343,3.65,,3.81,3.81,3.65,,4.01,4.08,3.81,
2021,44344,3.71,,3.62,3.62,3.71,,3.67,3.38,3.62,
2021,44345,2.37,,1.77,1.77,2.37,,2.22,2.57,1.77,
2021,44346,2.92,,2.63,2.63,2.92,,2.55,2.12,2.63,
2021,44347,3.72,,3.28,3.28,3.72,,3.16,2.83,3.28,
2021,44348,3.82,,2.76,2.76,3.82,,3.24,3.51,2.76,
2021,44349,4.41,,4.27,4.27,4.41,,4.13,4.08,4.27,
2021,44350,4.13,,4.63,4.63,4.13,,4.7,4.9,4.63,
2021,44351,5.32,,5.22,5.22,5.32,,5.03,5.15,5.22,
2021,44352,1.41,,1.57,1.57,1.41,,1.82,1.49,1.57,
2021,44353,3.54,,3.49,3.49,3.54,,2.96,2.67,3.49,
2021,44354,2.22,,1.88,1.88,2.22,,2.6,2.74,1.88,
2021,44355,1.61,,1.43,1.43,1.61,,1.63,1.98,1.43,
2021,44356,3.36,,2.55,2.55,3.36,,3.58,3.79,2.55,
2021,44357,3.87,,2.87,2.87,3.87,,3.47,3.48,2.87,
2021,44358,4.37,,4.43,4.43,4.37,,4.53,4.8,4.43,
2021,44359,4.54,,4.62,4.62,4.54,,4.59,4.59,4.62,
2021,44360,3.88,,3.79,3.79,3.88,,4.11,4.31,3.79,
2021,44361,4.53,,4.64,4.64,4.53,,4.73,4.54,4.64,
2021,44362,5.05,,5.24,5.24,5.05,,5.25,4.83,5.24,
2021,44363,5.05,,5.45,5.45,5.05,,5.28,4.88,5.45,
2021,44364,5.81,,5.34,5.34,5.81,,5.63,6.03,5.35,
2021,44365,6.51,,6.08,6.08,6.51,,5.8,5.79,6.08,
2021,44366,3.87,,3.98,3.98,3.87,,2.9,2.64,3.98,
2021,44367,3.67,,3.9,3.9,3.67,,4.34,4.23,3.9,
2021,44368,2.67,,3.43,3.43,2.67,,2.85,3.16,3.43,
2021,44369,4.99,,5.47,5.47,4.99,,5.33,5.08,5.47,
2021,44370,5.40,,5.52,5.52,5.4,,5.67,5.55,5.52,
2021,44371,3.15,,3.33,3.33,3.15,,2.86,3.11,3.33,
2021,44372,2.72,,3.46,3.46,2.72,,2.45,2.19,3.46,
2021,44373,2.64,,2.39,2.39,2.64,,2.98,3.6,2.39,
2021,44374,2.30,,2.2,2.2,2.3,,2,2.56,2.2,
2021,44375,4.53,,4.64,4.64,4.53,,4.65,4.59,4.64,
2021,44376,4.95,,4.61,4.61,4.95,,4.88,4.87,4.61,
2021,44377,1.90,,3.01,3.01,1.9,,2.22,1.4,3.01,
2021,44378,3.79,,4.06,4.06,3.79,,3.71,3.31,4.06,
2021,44379,4.66,,4.65,4.65,4.66,,4.15,4.58,4.65,
2021,44380,4.40,,4.69,4.69,4.4,,4.24,3.78,4.69,
2021,44381,4.51,,4.68,4.68,4.51,,4.27,3.84,4.68,
2021,44382,4.14,,4.05,4.05,4.14,,4.04,4.01,4.05,
2021,44383,3.77,,3.64,3.64,3.77,,3.71,3.49,3.64,
2021,44384,3.00,,2.92,2.92,3,,2.83,2.99,2.92,
2021,44385,4.45,,4.57,4.57,4.45,,4.6,4.11,4.57,
2021,44386,4.30,,4.04,4.04,4.3,,3.92,3.73,4.04,
2021,44387,3.76,,2.92,2.92,3.76,,3.67,4.11,2.92,
2021,44388,4.30,,2.66,2.66,4.3,,4.17,4.6,2.66,
2021,44389,4.85,,4.42,4.42,4.85,,4.68,4.3,4.42,
2021,44390,6.37,,4.09,4.09,6.37,,4.55,5.19,4.09,
2021,44391,4.51,,4.62,4.62,4.51,,4.32,4.43,4.62,
2021,44392,4.18,,4,4,4.18,,4.36,3.95,4,
2021,44393,1.52,,4.08,4.08,1.52,,4.68,4.73,4.08,
2021,44394,5.01,,4.76,4.76,5.01,,4.79,4.58,4.76,
2021,44395,6.00,,5.29,5.29,6,,5.46,5.13,5.29,
2021,44396,7.60,,6.38,6.38,7.6,,6.42,6.95,6.38,
2021,44397,3.60,,4.57,4.57,3.6,,3.41,2.7,4.57,
2021,44398,1.35,,1.15,1.15,1.35,,1.26,1.63,1.15,
2021,44399,3.12,,3.54,3.54,3.12,,3.05,2.55,3.54,
2021,44400,4.19,,4.53,4.53,4.19,,4.55,4.09,4.53,
2021,44401,5.64,,5,5,5.64,,5.41,5.8,5,
2021,44402,4.88,,3.98,3.98,4.88,,4.01,3.91,3.98,
2021,44403,3.25,,3.05,3.05,3.25,,2.55,2.95,3.05,
2021,44404,3.85,,3.76,3.76,3.85,,3.72,3.51,3.76,
2021,44405,4.63,,4.77,4.77,4.63,,4.33,4.23,4.77,
2021,44406,4.80,,4.16,4.16,4.8,,4.78,4.11,4.16,
2021,44407,4.01,,3.84,3.84,4.01,,3.74,3.77,3.84,
2021,44408,4.19,,3.45,3.45,4.19,,3.38,3.41,3.45,
2021,44409,3.13,,3.8,3.8,3.13,,4,3.92,3.8,
2021,44410,4.85,,4.37,4.37,4.85,,4.72,4.98,4.37,
2021,44411,5.13,,4.99,4.99,5.13,,5.07,5.19,4.99,
2021,44412,3.58,,3.45,3.45,3.58,,3.46,3.69,3.45,
2021,44413,3.09,,2.94,2.94,3.09,,3.9,4.11,2.94,
2021,44414,3.92,,3.57,3.57,3.92,,3.65,3.69,3.57,
2021,44415,4.58,,4.22,4.22,4.58,,4.38,4.25,4.22,
2021,44416,4.62,,4.44,4.44,4.62,,4.12,4.07,4.44,
2021,44417,5.16,,5.24,5.24,5.16,,4.93,4.8,5.24,
2021,44418,5.95,,5.97,5.97,5.95,,5.26,5.28,5.97,
2021,44419,5.89,,5.34,5.34,5.89,,5.44,5.04,5.34,
2021,44420,6.43,,5.46,5.46,6.43,,5.64,5.31,5.46,
2021,44421,5.85,,5,5,5.85,,4.98,5.15,5,
2021,44422,4.82,,4.37,4.37,4.82,,4.47,4.35,4.37,
2021,44423,3.77,,2.21,2.21,3.77,,3.43,4.57,2.21,
2021,44424,3.98,,3.45,3.45,3.98,,3.62,3.51,3.45,
2021,44425,2.51,,1.97,1.97,2.51,,1.74,1.5,1.97,
2021,44426,2.59,,2.8,2.8,2.59,,3.04,2.56,2.8,
2021,44427,2.34,,2.38,2.38,2.34,,2.1,1.78,2.38,
2021,44428,3.72,,3.08,3.08,3.72,,3.34,3.34,3.08,
2021,44429,3.07,,3.08,3.08,3.07,,3,2.85,3.08,
2021,44430,3.57,,2.99,2.99,3.57,,3.29,3.6,2.99,
2021,44431,3.98,,3.81,3.81,3.98,,3.67,3.55,3.81,
2021,44432,4.09,,4.21,4.21,4.09,,3.57,3.16,4.21,
2021,44433,4.71,,4.21,4.21,4.71,,4.05,3.9,4.21,
2021,44434,2.71,,1.68,1.68,2.71,,2.36,3.08,1.68,
2021,44435,2.66,,1.74,1.74,2.66,,2.42,2.76,1.74,
2021,44436,4.30,,4.26,4.26,4.3,,4.11,4.26,4.26,
2021,44437,3.82,,3.44,3.44,3.82,,3.32,3.75,3.44,
2021,44438,4.35,,4.33,4.33,4.35,,3.61,3.62,4.33,
2021,44439,3.86,,3.72,3.72,3.86,,3.73,3.93,3.72,
2021,44440,4.21,,4.08,4.08,4.21,,4.05,4.22,4.08,
2021,44441,3.86,,4.25,4.25,3.86,,3.87,3.26,4.25,
2021,44442,2.40,,3.26,3.26,2.4,,3.05,2.28,3.26,
2021,44443,3.46,,3.12,3.12,3.46,,3.36,3.22,3.12,
2021,44444,3.99,,3.34,3.34,3.99,,3.43,3.32,3.34,
2021,44445,3.50,,3.6,3.6,3.5,,3.02,2.95,3.6,
2021,44446,2.81,,2.74,2.74,2.81,,2.82,2.48,2.74,
2021,44447,2.19,,1.94,1.94,2.19,,2.07,2.04,1.94,
2021,44448,1.62,,1.47,1.47,1.62,,1.4,1.66,1.47,
2021,44449,1.85,,1.08,1.08,1.85,,1.02,1.74,1.08,
2021,44450,2.06,,2.01,2.01,2.06,,2.14,1.93,2.01,
2021,44451,2.82,,2.51,2.51,2.82,,2.56,2.64,2.51,
2021,44452,1.26,,1.66,1.66,1.26,,1.78,1.41,1.66,
2021,44453,0.54,,0.57,0.57,0.54,,0.68,0.65,0.57,
2021,44454,1.29,,1.38,1.38,1.29,,1.35,1.6,1.38,
2021,44455,1.40,,1.31,1.31,1.4,,1.36,1.81,1.31,
2021,44456,0.99,,1.48,1.48,0.99,,1.16,1.3,1.48,
2021,44457,1.59,,0.6,0.6,1.59,,1.16,1.66,0.6,
2021,44458,1.64,,1.6,1.6,1.64,,1.49,1.7,1.6,
2021,44459,1.34,,1.22,1.22,1.34,,1.18,1.19,1.22,
2021,44460,1.50,,1.37,1.37,1.5,,1.51,1.56,1.37,
2021,44461,1.88,,1.74,1.74,1.88,,1.73,1.73,1.74,
2021,44462,1.43,,1.16,1.17,1.43,,1.2,1.12,1.17,
2021,44463,0.71,,0.98,0.98,0.71,,0.59,0.93,0.98,
2021,44464,1.35,,1.66,1.66,1.35,,1.56,1.41,1.66,
2021,44465,0.72,,0.79,0.79,0.72,,0.85,1.06,0.79,
2021,44466,0.95,,0.76,0.76,0.95,,0.98,1.05,0.76,
2021,44467,1.34,,1.02,1.02,1.34,,1.11,1.4,1.02,
2021,44468,1.20,,1.17,1.17,1.2,,1.13,1.15,1.17,
2021,44469,1.48,,1.28,1.28,1.48,,1.42,1.6,1.27,
2021,44470,1.82,,1.84,1.84,1.82,,1.63,1.82,1.84,
2021,44471,0.63,,0.88,0.88,0.63,,0.99,0.96,0.88,
2021,44472,1.08,,1.08,1.08,1.08,,1.08,1.19,1.08,
2021,44473,1.39,,1.32,1.32,1.39,,1.37,1.43,1.32,
2021,44474,1.97,,1.83,1.83,1.97,,1.88,1.71,1.83,
2021,44475,1.81,,1.61,1.61,1.81,,1.74,1.79,1.61,
2021,44476,1.57,,1.25,1.25,1.57,,1.42,1.71,1.25,
2021,44477,1.39,,1.22,1.22,1.39,,1.3,1.36,1.22,
2021,44478,1.28,,1.16,1.16,1.28,,1.08,1.22,1.16,
2021,44479,1.35,,0.94,0.94,1.35,,0.91,1.1,0.94,
2021,44480,0.97,,0.82,0.82,0.97,,0.89,0.88,0.82,
2021,44481,0.98,,0.79,0.79,0.98,,0.82,0.85,0.79,
2021,44482,1.02,,0.79,0.79,1.02,,0.65,0.77,0.79,
2021,44483,0.70,,0.59,0.59,0.7,,0.61,0.76,0.59,
2021,44484,0.83,,0.76,0.76,0.83,,0.91,1.13,0.76,
2021,44485,1.14,,1.07,1.07,1.14,,1.11,1.28,1.07,
2021,44486,0.92,,0.71,0.71,0.92,,0.62,0.78,0.71,
2021,44487,0.85,,0.76,0.76,0.85,,0.93,1.02,0.76,
2021,44488,0.67,,0.87,0.87,0.67,,0.92,1.06,0.87,
2021,44489,1.04,,0.81,0.81,1.04,,0.77,0.89,0.81,
2021,44490,1.48,,0.95,0.95,1.48,,1.01,1.35,0.95,
2021,44491,1.17,,0.78,0.78,1.17,,0.99,1.22,0.78,
2021,44492,1.44,,0.93,0.93,1.44,,0.76,1.1,0.93,
2021,44493,2.26,,1.86,1.86,2.26,,1.52,1.76,1.86,
2021,44494,1.15,,0.82,0.82,1.15,,0.92,0.96,0.82,
2021,44495,1.55,,1.02,1.02,1.55,,0.98,1.24,1.02,
2021,44496,1.74,,1.14,1.14,1.74,,0.83,1.44,1.14,
2021,44497,1.93,,1.4,1.4,1.93,,1.01,1.33,1.4,
2021,44498,1.75,,0.81,0.81,1.75,,0.81,1.05,0.81,
2021,44499,1.08,,0.67,0.67,1.08,,0.59,0.75,0.67,
2021,44500,0.88,,0.6,0.6,0.88,,0.52,0.62,0.6,
2021,44501,2.21,,1.89,1.89,2.21,,1.83,1.81,1.89,
2022,44562,0.38,0.48,0.35,0.42,,,0.19,,,0.480602475
2022,44563,1.14,0.9,0.98,1.07,,,0.63,,,0.898150191
2022,44564,0.73,0.79,0.69,0.89,,,0.49,,,0.788302781
2022,44565,0.24,0.44,0.34,0.46,,,0.28,,,0.436327712
2022,44566,0.39,0.59,0.37,0.62,,,0.55,,,0.588241213
2022,44567,0.16,0.24,0.03,0.23,,,0.24,,,0.239087522
2022,44568,0.4,0.58,0.52,0.6,,,0.41,,,0.579528
2022,44569,0.21,0.48,0.34,0.44,,,0.25,,,0.47820324
2022,44570,0.32,0.38,0.31,0.34,,,0.28,,,0.3788835
2022,44571,0.13,0.21,0.14,0.15,,,0.17,,,0.20689088
2022,44572,0.18,0.19,-0.08,0.16,,,0.05,,,0.188790343
2022,44573,0.3,0.25,0.23,0.28,,,0.07,,,0.246935935
2022,44574,-0.05,0.18,0,0.23,,,0.1,,,0.175772847
2022,44575,-0.04,0.09,-0.07,0.15,,,-0.03,,,0.085817667
2022,44576,-0.08,0.13,0.07,0.15,,,0.06,,,0.127422048
2022,44577,0.17,0.3,0.28,0.34,,,0.21,,,0.298892459
2022,44578,0.12,0.13,0.29,0.28,,,0,,,0.126714567
2022,44579,0.18,0.2,0.14,0.11,,,0.05,,,0.203712085
2022,44580,0.26,0.41,0.32,0.41,,,0.28,,,0.410956926
2022,44581,0.23,0.43,0.25,0.44,,,0.3,,,0.433639905
2022,44582,0.15,0.35,0.13,0.34,,,0.22,,,0.349818968
2022,44583,0.32,0.54,0.4,0.54,,,0.39,,,0.538290401
2022,44584,0.37,0.49,0.35,0.48,,,0.4,,,0.48944809
2022,44585,0.19,0.14,0.12,0.22,,,0.11,,,0.141079009
2022,44586,0.18,0.31,0.26,0.34,,,0.22,,,0.312838878
2022,44587,0.23,0.5,0.41,0.55,,,0.38,,,0.499614221
2022,44588,0.3,0.55,0.5,0.64,,,0.34,,,0.546926501
2022,44589,0.17,0.25,0.24,0.29,,,0.16,,,0.254735784
2022,44590,0.33,0.68,0.59,0.77,,,0.45,,,0.683088598
2022,44591,0.44,0.48,0.45,0.63,,,0.31,,,0.477172566
2022,44592,0.93,1.18,0.81,1.25,,,1.22,,,1.180899892
2022,44593,0.42,0.78,0.54,0.82,,,0.56,,,0.782588245
2022,44594,0.45,0.65,0.57,0.67,,,0.49,,,0.650819809
2022,44595,0.54,0.72,0.61,0.74,,,0.5,,,0.721351294
2022,44596,0.45,0.78,0.62,0.83,,,0.58,,,0.776060608
2022,44597,0.77,0.8,0.81,0.85,,,0.64,,,0.798604802
2022,44598,1.11,1.04,0.71,0.86,,,0.95,,,1.036431615
2022,44599,0.99,0.94,0.78,1.13,,,0.83,,,0.935419278
2022,44600,0.36,0.79,0.61,0.77,,,0.62,,,0.791301592
2022,44601,0.55,0.82,0.58,0.92,,,0.49,,,0.817515119
2022,44602,0.28,0.57,0.33,0.59,,,0.47,,,0.568280245
2022,44603,0.51,0.67,0.54,0.64,,,0.54,,,0.672720906
2022,44604,0.75,0.94,0.55,0.68,,,0.65,,,0.939147069
2022,44605,1.5,1.37,1.27,1.25,,,1.13,,,1.371167765
2022,44606,1.49,1.3,1.42,1.46,,,0.95,,,1.30461046
2022,44607,0.83,0.85,0.88,0.92,,,0.62,,,0.854961996
2022,44608,0.51,1.01,0.63,0.92,,,0.62,,,1.011797741
2022,44609,1.93,1.98,1.9,2.21,,,1.58,,,1.979814588
2022,44610,1.64,1.79,1.64,1.76,,,1.43,,,1.78805641
2022,44611,1.39,1.53,1.49,1.56,,,1.19,,,1.531760423
2022,44612,1.18,1.28,1.07,0.96,,,0.83,,,1.278042085
2022,44613,1.49,1.45,1.32,1.53,,,1.53,,,1.451614902
2022,44614,0.51,0.88,0.62,0.83,,,0.68,,,0.876218148
2022,44615,1.05,1.2,0.97,1.17,,,0.94,,,1.195602576
2022,44616,1.2,1.25,1.12,1.26,,,1.04,,,1.245903761
2022,44617,0.91,0.99,0.94,1.03,,,0.82,,,0.993691682
2022,44618,0.71,0.82,0.64,0.76,,,0.77,,,0.815354205
2022,44619,1.77,1.39,1.44,1.36,,,1.22,,,1.392468737
2022,44620,1.73,1.38,0.83,1.19,,,1.36,,,1.383400976
2022,44621,1.16,0.99,0.76,0.9,,,0.8,,,0.98723181
2022,44622,1.11,1.21,1.11,1.26,,,0.92,,,1.209066433
2022,44623,1.41,1.29,1.1,1.22,,,1.08,,,1.292188791
2022,44624,1.36,1.25,1.15,1.43,,,1.1,,,1.251924656
2022,44625,1.23,1.23,1.03,1.06,,,0.87,,,1.226249876
2022,44626,1.14,1.3,0.93,1.23,,,1.22,,,1.295824194
2022,44627,1.45,1.49,1.36,1.39,,,1.28,,,1.48661084
2022,44628,2.08,1.78,1.92,1.68,,,1.73,,,1.784623783
2022,44629,2.21,1.75,1.36,1.79,,,1.8,,,1.74646287
2022,44630,2.32,2.03,1.23,1.84,,,1.75,,,2.0331143
2022,44631,2.61,2.49,,2.66,,,1.92,,,2.493308573
2022,44632,2.24,1.7,,2.02,,,1.46,,,1.698913801
2022,44633,2.27,2.13,2.49,2.32,,,1.83,,,2.131611592
2022,44634,1.73,1.43,1.41,1.55,,,1.2,,,1.431595995
2022,44635,0.95,1.13,0.8,1.04,,,0.91,,,1.127554333
2022,44636,0.97,0.95,1.06,1.06,,,0.79,,,0.947717025
2022,44637,1.29,1.44,1.01,1.38,,,1.56,,,1.44052103
2022,44638,2.33,1.63,1.8,1.75,,,1.71,,,1.630399441
2022,44639,2.86,2.98,2.75,2.98,,,3.06,,,2.979126916
2022,44640,1.74,1.13,1.65,1.28,,,1.2,,,1.130912644
2022,44641,2.04,1.58,1.77,1.57,,,1.62,,,1.584920148
2022,44642,2.65,2.01,1.97,1.91,,,2.01,,,2.010714658
2022,44643,2.36,1.94,1.94,1.9,,,2.16,,,1.938129426
2022,44644,2.27,2,1.95,1.94,,,2.07,,,1.999861828
2022,44645,2.47,2.11,1.99,2.12,,,2.13,,,2.109310374
2022,44646,2.89,2.36,2.52,2.64,,,2.7,,,2.360903919
2022,44647,1.5,1.36,1.53,1.4,,,1.36,,,1.357918152
2022,44648,1.96,1.69,1.92,1.83,,,1.59,,,1.694072226
2022,44649,1.7,1.51,1.66,1.8,,,1.31,,,1.50861175
2022,44650,1.82,1.76,2.04,1.71,,,1.42,,,1.755533896
2022,44651,0.9,1.27,0.69,1.14,,,1.15,,,1.271012947
2022,44652,0.52,0.83,0.62,0.76,,,0.88,,,0.830582851
2022,44653,1.57,1.88,1.45,1.64,,,1.67,,,1.881947235
2022,44654,1.84,1.38,1.55,1.42,,,1.56,,,1.379054308
2022,44655,0.96,0.81,0.82,0.86,,,0.67,,,0.81337611
2022,44656,0.88,1.04,0.92,1.07,,,1.13,,,1.04198436
2022,44657,1.71,1.26,1.6,1.32,,,1.15,,,1.262436492
2022,44658,2.4,2.43,2.43,2.55,,,2.48,,,2.425161066
2022,44659,1.14,1.14,1.36,1.32,,,1.18,,,1.139843112
2022,44660,1.93,2.11,1.9,2.14,,,2.04,,,2.110698523
2022,44661,1.96,1.93,1.95,2.09,,,2,,,1.93352715
2022,44662,3.13,3.13,2.88,3.03,,,3.03,,,3.12884164
2022,44663,3.7,2.97,3.11,3.31,,,3.13,,,2.969857776
2022,44664,1.56,1.41,2.08,1.17,,,1.73,,,1.41077008
2022,44665,2.46,1.99,2.26,2.2,,,2.02,,,1.987142058
2022,44666,2.74,2.37,2.08,2.46,,,2.44,,,2.373860896
2022,44667,3.11,3.08,3.06,3.09,,,3.03,,,3.084729655
2022,44668,4.15,3.46,3.49,3.52,,,3.52,,,3.460968771
2022,44669,3.65,3.22,3.06,3.13,,,3.34,,,3.223768717
2022,44670,3.41,2.52,3.03,3.18,,,2.75,,,2.515810662
2022,44671,3.91,3.89,4.11,3.63,,,3.88,,,3.885622175
2022,44672,3.79,3.71,3.73,3.82,,,3.67,,,3.713624176
2022,44673,3.21,2.77,2.78,2.71,,,1.92,,,2.772022645
2022,44674,3.53,3.82,3.48,3.8,,,1.86,,,3.820454597
2022,44675,4.16,4.15,4.02,4.2,,,3.26,,,4.14703016
2022,44676,2.01,1.63,1.89,2.15,,,1.67,,,1.625613322
2022,44677,1.95,2.83,2.11,2.59,,,3.01,,,2.826903837
2022,44678,3.1,2.77,2.93,3.16,,,2.81,,,2.769309789
2022,44679,3.59,3.34,3.53,3.36,,,3.13,,,3.33929256
2022,44680,2.23,2.45,1.93,2.19,,,2.41,,,2.452316408
2022,44681,2.49,2.32,2.67,1.78,,,2.68,,,2.317392542
2022,44682,2.44,2.57,2.56,2.59,,,2.14,,,2.569370351
2022,44683,3.93,3.29,3.45,3.48,,,3.3,,,3.293569751
2022,44684,3.83,2.7,3.56,2.84,,,2.9,,,2.697879176
2022,44685,3.26,2.72,3.48,3.17,,,2.45,,,2.721657628
2022,44686,2.25,2.04,1.93,2.17,,,2.51,,,2.040891952
2022,44687,3.11,3.39,3.12,3.13,,,3.46,,,3.394349528
2022,44688,2.53,2.99,2.89,3.48,,,2.87,,,2.991893318
2022,44689,3.23,4.06,3.83,3.97,,,3.94,,,4.064374744
2022,44690,4.18,3.89,3.98,4.13,,,3.95,,,3.892423451
2022,44691,4.13,3.86,3.62,3.53,,,4.1,,,3.861147695
2022,44692,5.31,4.83,4.9,5.03,,,4.91,,,4.82541942
2022,44693,3.39,3.9,3.5,3.58,,,4.05,,,3.900333588
2022,44694,3.94,3.66,3.69,3.72,,,3.79,,,3.65553447
2022,44695,4.25,4.14,4.14,4.33,,,4.14,,,4.137155241
2022,44696,5.21,4.83,4.55,5.05,,,5.44,,,4.825170142
2022,44697,4.12,4.12,3.24,4.03,,,4.36,,,4.120439229
2022,44698,4.51,4.74,2.87,4.19,,,4.88,,,4.735979087
2022,44699,4.55,4.79,4.34,4.54,,,4.58,,,4.786113476
2022,44700,4.45,2.71,3.99,2.9,,,3.14,,,2.706910106
2022,44701,1.96,1.93,2.13,1.89,,,1.85,,,1.929486413
2022,44702,3.85,3.83,3.52,3.43,,,3.41,,,3.825413848
2022,44703,4.29,3.9,4.38,4.23,,,3.93,,,3.901350527
2022,44704,2.27,1.67,2.83,1.77,,,1.5,,,1.669817891
2022,44705,2.83,3.15,2.73,3.05,,,3.17,,,3.1535832
2022,44706,3.62,3.09,3.42,3.19,,,2.92,,,3.088685979
2022,44707,3.53,3.35,3.54,3.49,,,3.34,,,3.353963587
2022,44708,3.65,4.08,3.81,4.02,,,4.27,,,4.078170438
2022,44709,3.71,3.38,3.62,3.67,,,3.58,,,3.380757395
2022,44710,2.37,2.57,1.77,2.22,,,2.79,,,2.571115125
2022,44711,2.92,2.12,2.63,2.55,,,2.66,,,2.120902445
2022,44712,3.72,2.83,3.28,3.16,,,3.87,,,2.833904723
2022,44713,3.82,3.51,2.76,3.24,,,3.85,,,3.510617561
2022,44714,4.41,4.08,4.27,4.13,,,4.28,,,4.081972935
2022,44715,4.13,4.9,4.63,4.7,,,4.64,,,4.898598394
2022,44716,5.32,5.15,5.22,5.03,,,4.89,,,5.147261975
2022,44717,1.41,1.49,1.57,1.82,,,1.16,,,1.493457574
2022,44718,3.54,2.67,3.49,2.96,,,3.06,,,2.671195642
2022,44719,2.22,2.74,1.88,2.6,,,2.44,,,2.741583119
2022,44720,1.61,1.98,1.43,1.63,,,2.13,,,1.982458514
2022,44721,3.36,3.79,2.55,3.58,,,3.61,,,3.790964709
2022,44722,3.87,3.48,2.87,3.47,,,3.04,,,3.480466811
2022,44723,4.37,4.8,4.43,4.53,,,5.14,,,4.795335196
2022,44724,4.54,4.59,4.62,4.59,,,4.66,,,4.589473963
2022,44725,3.88,4.31,3.79,4.11,,,4.7,,,4.314740269
2022,44726,4.53,4.54,4.64,4.73,,,4.86,,,4.542959408
2022,44727,5.05,4.83,5.24,5.25,,,5.11,,,4.827068988
2022,44728,5.05,4.88,5.45,5.28,,,5.02,,,4.877169904
2022,44729,5.81,6.03,5.34,5.63,,,6.22,,,6.030739563
2022,44730,6.51,5.79,6.08,5.8,,,5.72,,,5.79403675
2022,44731,3.87,2.64,3.98,2.9,,,2.52,,,2.644580355
2022,44732,3.67,4.23,3.9,4.34,,,4.51,,,4.231054884
2022,44733,2.67,3.16,3.43,2.85,,,3.77,,,3.158265056
2022,44734,4.99,5.08,5.47,5.33,,,5.21,,,5.077981921
2022,44735,5.4,5.55,5.52,5.67,,,5.15,,,5.546505358
2022,44736,3.15,3.11,3.33,2.86,,,3.56,,,3.109215877
2022,44737,2.72,2.19,3.46,2.45,,,2.85,,,2.193010461
2022,44738,2.64,3.6,2.39,2.98,,,4.29,,,3.595073809
2022,44739,2.3,2.56,2.2,2,,,3.34,,,2.561238312
2022,44740,4.53,4.59,4.64,4.65,,,4.74,,,4.586865736
2022,44741,4.95,4.87,4.61,4.88,,,4.73,,,4.870812043
2022,44742,1.9,1.4,3.01,2.22,,,1.45,,,1.397063514
2022,44743,3.79,3.31,4.06,3.71,,,4,,,3.310502746
2022,44744,4.66,4.58,4.65,4.15,,,4.27,,,4.576473576
2022,44745,4.4,3.78,4.69,4.24,,,3.87,,,3.778479429
2022,44746,4.51,3.84,4.68,4.27,,,4.15,,,3.837293946
2022,44747,4.14,4.01,4.05,4.04,,,4.34,,,4.00606742
2022,44748,3.77,3.49,3.64,3.71,,,3.88,,,3.49333823
2022,44749,3,2.99,2.92,2.83,,,3.39,,,2.987430729
2022,44750,4.45,4.11,4.57,4.6,,,4.63,,,4.105373103
2022,44751,4.3,3.73,4.04,3.92,,,4.13,,,3.727643886
2022,44752,3.76,4.11,2.92,3.67,,,4.48,,,4.114916923
2022,44753,4.3,4.6,2.66,4.17,,,4.96,,,4.603386838
2022,44754,4.85,4.3,4.42,4.68,,,4.65,,,4.302461768
2022,44755,6.37,5.19,4.09,4.55,,,4.81,,,5.19241991
2022,44756,4.51,4.43,4.62,4.32,,,4.75,,,4.429418157
2022,44757,4.18,3.95,4,4.36,,,4.28,,,3.948810346
2022,44758,1.52,4.73,4.08,4.69,,,4.81,,,4.734195208
2022,44759,5.01,4.58,4.76,4.79,,,4.93,,,4.575657191
2022,44760,6,5.13,5.29,5.46,,,5.49,,,5.125583947
2022,44761,7.6,6.95,6.38,6.42,,,7.39,,,6.95197452
2022,44762,3.6,2.7,4.57,3.41,,,2.6,,,2.698260972
2022,44763,1.35,1.63,1.15,1.26,,,2.07,,,1.631834583
2022,44764,3.12,2.55,3.54,3.05,,,2.9,,,2.548838883
2022,44765,4.19,4.09,4.53,4.55,,,3.83,,,4.091458566
2022,44766,5.64,5.8,5,5.41,,,5.81,,,5.803688457
2022,44767,4.88,3.91,3.98,4.01,,,3.62,,,3.909415492
2022,44768,3.25,2.95,3.05,2.55,,,2.78,,,2.94762659
2022,44769,3.85,3.51,3.76,3.72,,,3.79,,,3.507889071
2022,44770,4.63,4.23,4.77,4.33,,,4.24,,,4.2275043
2022,44771,4.8,4.11,4.16,4.78,,,4.55,,,4.109048892
2022,44772,4.01,3.77,3.84,3.74,,,3.58,,,3.769534162
2022,44773,4.19,3.41,3.45,3.38,,,3.01,,,3.41133421
2022,44774,3.13,3.92,3.8,4,,,3.33,,,3.919367168
2022,44775,4.85,4.98,4.37,4.72,,,4.59,,,4.98277422
2022,44776,5.13,5.19,4.99,5.07,,,5.25,,,5.193517099
2022,44777,3.58,3.69,3.45,3.46,,,3.74,,,3.685736349
2022,44778,3.09,4.11,2.94,3.9,,,4.19,,,4.113030603
2022,44779,3.92,3.69,3.57,3.65,,,3.37,,,3.688682788
2022,44780,4.58,4.25,4.22,4.38,,,4.25,,,4.250629849
2022,44781,4.62,4.07,4.44,4.12,,,3.83,,,4.074347394
2022,44782,5.16,4.8,5.24,4.93,,,4.73,,,4.796336515
2022,44783,5.95,5.28,5.97,5.26,,,5.49,,,5.283996018
2022,44784,5.89,5.04,5.34,5.44,,,5.52,,,5.037091342
2022,44785,6.43,5.31,5.46,5.64,,,5.73,,,5.310417249
2022,44786,5.85,5.15,5,4.98,,,5.52,,,5.151216556
2022,44787,4.82,4.35,4.37,4.47,,,4.56,,,4.346507826
2022,44788,3.77,4.57,2.21,3.43,,,4.15,,,4.56713464
2022,44789,3.98,3.51,3.45,3.62,,,2.96,,,3.511199079
2022,44790,2.51,1.5,1.97,1.74,,,1.45,,,1.499079323
2022,44791,2.59,2.56,2.8,3.04,,,2.77,,,2.560535374
2022,44792,2.34,1.78,2.38,2.1,,,2.11,,,1.778859747
2022,44793,3.72,3.34,3.08,3.34,,,3.38,,,3.338468442
2022,44794,3.07,2.85,3.08,3,,,2.69,,,2.847837154
2022,44795,3.57,3.6,2.99,3.29,,,3.56,,,3.595598798
2022,44796,3.98,3.55,3.81,3.67,,,2.98,,,3.548281983
2022,44797,4.09,3.16,4.21,3.58,,,3.28,,,3.161994771
2022,44798,4.71,3.9,4.21,4.05,,,3.83,,,3.903200269
2022,44799,2.71,3.08,1.68,2.36,,,3.26,,,3.083387476
2022,44800,2.66,2.76,1.74,2.42,,,2.98,,,2.757978574
2022,44801,4.3,4.26,4.26,4.11,,,4.12,,,4.26239306
2022,44802,3.82,3.75,3.44,3.32,,,3.94,,,3.749116263
2022,44803,4.35,3.62,4.33,3.61,,,3.83,,,3.61530165
2022,44804,3.86,3.93,3.72,3.73,,,3.85,,,3.927820349
2022,44805,4.21,4.22,4.08,4.05,,,4.3,,,4.217094934
2022,44806,3.86,3.26,4.25,3.87,,,3.05,,,3.262507987
2022,44807,2.4,2.28,3.26,3.05,,,2.31,,,2.283903855
2022,44808,3.46,3.22,3.12,3.36,,,3.26,,,3.215948671
2022,44809,3.99,3.32,3.34,3.43,,,2.75,,,3.320744496
2022,44810,3.5,2.95,3.6,3.02,,,2.7,,,2.952232214
2022,44811,2.81,2.48,2.74,2.82,,,2.49,,,2.481557985
2022,44812,2.19,2.04,1.94,2.07,,,2.1,,,2.036915314
2022,44813,1.62,1.66,1.47,1.4,,,1.74,,,1.662945725
2022,44814,1.85,1.74,1.08,1.02,,,2.09,,,1.739002362
2022,44815,2.06,1.93,2.01,2.14,,,2.34,,,1.927884664
2022,44816,2.82,2.64,2.51,2.56,,,2.74,,,2.643750161
2022,44817,1.26,1.41,1.66,1.78,,,1.21,,,1.406296502
2022,44818,0.54,0.65,0.57,0.68,,,0.72,,,0.646422233
2022,44819,1.29,1.6,1.38,1.35,,,1.87,,,1.604183823
2022,44820,1.4,1.81,1.31,1.36,,,2.06,,,1.806142111
2022,44821,0.99,1.3,1.48,1.16,,,1.81,,,1.303292847
2022,44822,1.59,1.66,0.6,1.16,,,1.96,,,1.662267336
2022,44823,1.64,1.7,1.6,1.49,,,1.91,,,1.700201528
2022,44824,1.34,1.19,1.22,1.18,,,1.47,,,1.191793421
2022,44825,1.5,1.56,1.37,1.51,,,1.64,,,1.557509378
2022,44826,1.88,1.73,1.74,1.73,,,1.79,,,1.731312521
2022,44827,1.43,1.12,1.16,1.2,,,1.19,,,1.11836026
2022,44828,0.71,0.93,0.98,0.59,,,1.52,,,0.925548078
2022,44829,1.35,1.41,1.66,1.56,,,1.23,,,1.41437028
2022,44830,0.72,1.06,0.79,0.85,,,1.18,,,1.063483984
2022,44831,0.95,1.05,0.76,0.98,,,1.46,,,1.050501375
2022,44832,1.34,1.4,1.02,1.11,,,1.5,,,1.398283241
2022,44833,1.2,1.15,1.17,1.13,,,1.19,,,1.14606701
2022,44834,1.48,1.6,1.28,1.42,,,1.61,,,1.603153639
2022,44835,1.82,1.82,1.84,1.63,,,1.81,,,1.819117052
2022,44836,0.63,0.96,0.88,0.99,,,0.95,,,0.962334524
2022,44837,1.08,1.19,1.08,1.08,,,1.23,,,1.185678163
2022,44838,1.39,1.43,1.32,1.37,,,1.24,,,1.425911221
2022,44839,1.97,1.71,1.83,1.88,,,1.71,,,1.714280771
2022,44840,1.81,1.79,1.61,1.74,,,1.82,,,1.789980742
2022,44841,1.57,1.71,1.25,1.42,,,1.71,,,1.709863885
2022,44842,1.39,1.36,1.22,1.3,,,1.36,,,1.356824301
2022,44843,1.28,1.22,1.16,1.08,,,1.26,,,1.217165897
2022,44844,1.35,1.1,0.94,0.91,,,0.9,,,1.102856197
2022,44845,0.97,0.88,0.82,0.89,,,0.94,,,0.884079137
2022,44846,0.98,0.85,0.79,0.82,,,0.86,,,0.854499914
2022,44847,1.02,0.77,0.79,0.65,,,0.72,,,0.765088504
2022,44848,0.7,0.76,0.59,0.61,,,0.93,,,0.760312464
2022,44849,0.83,1.13,0.76,0.91,,,1.18,,,1.13482578
2022,44850,1.14,1.28,1.07,1.11,,,1.29,,,1.278966965
2022,44851,0.92,0.78,0.71,0.62,,,0.78,,,0.784464021
2022,44852,0.85,1.02,0.76,0.93,,,0.96,,,1.015887348
2022,44853,0.67,1.06,0.87,0.92,,,1.13,,,1.062586101
2022,44854,1.04,0.89,0.81,0.77,,,0.92,,,0.893739948
2022,44855,1.48,1.35,0.95,1.01,,,1.31,,,1.346434354
2022,44856,1.17,1.22,0.78,0.99,,,1.21,,,1.221224085
2022,44857,1.44,1.1,0.93,0.76,,,1.11,,,1.095913406
2022,44858,2.26,1.76,1.86,1.52,,,1.75,,,1.756469091
2022,44859,1.15,0.96,0.82,0.92,,,0.95,,,0.964830463
2022,44860,1.55,1.24,1.02,0.98,,,1.21,,,1.235563141
2022,44861,1.74,1.44,1.14,0.83,,,1.05,,,1.435706631
2022,44862,1.93,1.33,1.4,1.01,,,1.05,,,1.332691698
2022,44863,1.75,1.05,0.81,0.81,,,0.98,,,1.049097074
2022,44864,1.08,0.75,0.67,0.59,,,0.74,,,0.750916487
2022,44865,0.88,0.62,0.6,0.52,,,0.58,,,0.615878294
2022,44866,2.21,1.81,1.89,1.83,,,1.66,,,1.807449362
2023,44927,0.98,1.13,1.13,1.25,1.25,1.26,,,,1.129896835
2023,44928,0.3,0.48,0.48,0.48,0.48,0.48,,,,0.482063216
2023,44929,0.1,0.34,0.34,0.41,0.41,0.42,,,,0.337698866
2023,44930,0.27,0.64,0.64,0.68,0.68,0.68,,,,0.635062153
2023,44931,0.24,0.53,0.53,0.56,0.56,0.56,,,,0.529441666
2023,44932,0.31,0.56,0.56,0.65,0.65,0.65,,,,0.561525151
2023,44933,0.28,0.89,0.89,0.78,0.78,0.79,,,,0.891682568
2023,44934,0.18,0.65,0.65,0.64,0.64,0.64,,,,0.646606154
2023,44935,0.23,0.58,0.58,0.57,0.57,0.57,,,,0.579247015
2023,44936,0.13,0.61,0.61,0.57,0.57,0.57,,,,0.609814385
2023,44937,0.35,0.66,0.66,0.67,0.68,0.68,,,,0.661240354
2023,44938,0.41,0.54,0.54,0.54,0.54,0.54,,,,0.535707912
2023,44939,0.38,1.14,1.14,1.14,1.14,1.14,,,,1.143453907
2023,44940,0.29,0.72,0.72,0.71,0.71,0.71,,,,0.716328576
2023,44941,0.33,0.79,0.79,0.87,0.87,0.87,,,,0.788405244
2023,44942,0.26,0.5,0.5,0.39,0.39,0.4,,,,0.497934586
2023,44943,-0.06,0.13,0.13,0.05,0.06,0.06,,,,0.128529798
2023,44944,-0.03,0.18,0.18,0.12,0.13,0.13,,,,0.184505851
2023,44945,0.15,0.15,0.15,0.22,0.23,0.23,,,,0.145575125
2023,44946,0.21,0.3,0.3,0.21,0.21,0.21,,,,0.301842827
2023,44947,0.06,0.15,0.15,0.09,0.09,0.09,,,,0.146728376
2023,44948,0.22,0.36,0.36,0.31,0.31,0.31,,,,0.362255234
2023,44949,0.26,0.39,0.39,0.34,0.34,0.35,,,,0.390847916
2023,44950,0.29,0.57,0.57,0.52,0.52,0.52,,,,0.566563422
2023,44951,0.24,0.36,0.36,0.33,0.33,0.33,,,,0.356993779
2023,44952,0.22,0.4,0.4,0.32,0.32,0.33,,,,0.397384459
2023,44953,0.36,0.81,0.81,0.66,0.66,0.66,,,,0.810003236
2023,44954,0.37,0.39,0.39,0.41,0.41,0.41,,,,0.390451769
2023,44955,0.17,0.5,0.5,0.41,0.41,0.41,,,,0.496211216
2023,44956,0.29,0.7,0.7,0.69,0.69,0.69,,,,0.70332812
2023,44957,0.21,0.46,0.46,0.4,0.4,0.41,,,,0.456693291
2023,44958,0.35,0.93,0.93,0.9,0.9,0.9,,,,0.925520963
2023,44959,0.42,0.93,0.93,0.83,0.83,0.83,,,,0.934317829
2023,44960,0.37,0.95,0.95,0.87,0.87,0.87,,,,0.950798336
2023,44961,0.32,0.43,0.43,0.37,0.37,0.37,,,,0.426700518
2023,44962,0.41,0.79,0.79,0.66,0.66,0.67,,,,0.787484818
2023,44963,0.29,0.28,0.28,0.23,0.23,0.24,,,,0.278152712
2023,44964,0.26,0.19,0.19,0.23,0.24,0.24,,,,0.187040522
2023,44965,0.39,0.31,0.31,0.41,0.41,0.41,,,,0.313400917
2023,44966,0.5,0.73,0.73,0.56,0.56,0.56,,,,0.72915046
2023,44967,0.44,0.38,0.38,0.36,0.37,0.37,,,,0.378876208
2023,44968,0.35,0.49,0.49,0.49,0.49,0.5,,,,0.492172487
2023,44969,0.42,0.67,0.67,0.67,0.67,0.67,,,,0.670439972
2023,44970,0.39,0.42,0.42,0.4,0.41,0.41,,,,0.422895254
2023,44971,0.49,0.47,0.47,0.44,0.44,0.44,,,,0.474817453
2023,44972,0.61,0.58,0.58,0.56,0.56,0.57,,,,0.582016046
2023,44973,0.67,0.83,0.83,0.69,0.69,0.69,,,,0.834578213
2023,44974,0.6,0.9,0.9,1,1,1,,,,0.903353005
2023,44975,0.4,0.88,0.88,0.8,0.8,0.8,,,,0.881375447
2023,44976,0.55,0.87,0.87,0.87,0.87,0.87,,,,0.867999087
2023,44977,0.6,0.7,0.7,0.7,0.7,0.7,,,,0.697927539
2023,44978,0.67,0.42,0.42,0.42,0.42,0.42,,,,0.422007633
2023,44979,0.55,0.44,0.44,0.46,0.46,0.46,,,,0.442151892
2023,44980,0.41,0.55,0.55,0.53,0.53,0.54,,,,0.552935283
2023,44981,0.58,0.68,0.68,0.64,0.64,0.64,,,,0.68290834
2023,44982,0.62,1.06,1.06,0.91,0.92,0.92,,,,1.057622143
2023,44983,0.91,1.41,1.41,1.15,1.15,1.15,,,,1.409884539
2023,44984,0.96,1.18,1.18,1.01,1.01,1.01,,,,1.182167559
2023,44985,0.81,1.01,1.01,1.15,1.15,1.15,,,,1.009278978
2023,44986,0.79,1.18,1.18,1.13,1.13,1.13,,,,1.182463697
2023,44987,0.88,1.13,1.13,1.16,1.16,1.16,,,,1.129741665
2023,44988,0.37,0.84,0.84,0.82,0.82,0.82,,,,0.844071925
2023,44989,0.47,0.89,0.89,0.9,0.9,0.9,,,,0.891330554
2023,44990,0.54,0.58,0.58,0.64,0.64,0.64,,,,0.580190737
2023,44991,0.64,0.97,0.97,0.93,0.93,0.94,,,,0.974059545
2023,44992,0.48,0.49,0.49,0.44,0.44,0.44,,,,0.49456153
2023,44993,0.45,0.37,0.37,0.35,0.35,0.35,,,,0.371102643
2023,44994,0.64,0.56,0.56,0.53,0.53,0.53,,,,0.559197483
2023,44995,0.41,0.71,0.71,0.68,0.68,0.68,,,,0.706878754
2023,44996,0.9,1.01,1.01,1.06,1.06,1.07,,,,1.007885409
2023,44997,0.93,1.26,1.26,1.19,1.19,1.2,,,,1.262840436
2023,44998,0.88,2.19,2.19,2.15,2.15,2.15,,,,2.192534487
2023,44999,0.74,0.95,0.95,1.16,1.16,1.16,,,,0.954957613
2023,45000,0.96,1.27,1.27,1.12,1.12,1.12,,,,1.266933507
2023,45001,2.18,2.42,2.42,2.16,2.16,2.16,,,,2.421874096
2023,45002,2.26,2.2,2.2,2.05,2.05,2.06,,,,2.201487089
2023,45003,1.3,1.38,1.38,1.44,1.44,1.44,,,,1.38208048
2023,45004,0.84,0.81,0.81,1.11,1.11,1.11,,,,0.80663582
2023,45005,0.96,1.08,1.08,1.07,1.07,1.07,,,,1.080574037
2023,45006,1.6,1.26,1.26,1.35,1.35,1.35,,,,1.262235238
2023,45007,1.21,1.24,1.24,1.3,1.3,1.3,,,,1.244160814
2023,45008,1.32,1.73,1.73,2.06,2.06,2.06,,,,1.733896069
2023,45009,1.54,1.79,1.79,1.77,1.77,1.77,,,,1.794900982
2023,45010,1.57,1.8,1.8,1.6,1.6,1.6,,,,1.801273541
2023,45011,0.81,1.06,1.06,1.03,1.03,1.03,,,,1.056594458
2023,45012,1.12,1.35,1.35,1.66,1.67,1.67,,,,1.353687424
2023,45013,1.14,1.21,1.21,1.17,1.17,1.17,,,,1.206690771
2023,45014,2,1.79,1.79,1.79,1.79,1.79,,,,1.79313459
2023,45015,2.09,2.37,2.37,2.43,2.43,2.44,,,,2.36672586
2023,45016,1.14,1.09,1.09,1.21,1.21,1.21,,,,1.085206786
2023,45017,0.62,0.68,0.68,0.63,0.63,0.63,,,,0.681522591
2023,45018,0.44,0.84,0.84,0.88,0.88,0.88,,,,0.839113949
2023,45019,2,2.06,2.06,2.1,2.1,2.11,,,,2.057442068
2023,45020,1.95,2.22,2.22,2.2,2.2,2.2,,,,2.218041391
2023,45021,1.94,1.93,1.93,1.92,1.92,1.93,,,,1.933327767
2023,45022,0.85,1.08,1.08,0.92,0.92,0.92,,,,1.083944493
2023,45023,1.22,1.09,1.09,1.24,1.24,1.24,,,,1.086520655
2023,45024,1.2,1.47,1.47,1.68,1.68,1.68,,,,1.473028031
2023,45025,1.92,2.01,2.01,2.29,2.29,2.29,,,,2.014843188
2023,45026,2.09,1.75,1.75,1.85,1.85,1.85,,,,1.745374129
2023,45027,1.96,2.28,2.28,2.39,2.39,2.39,,,,2.28137717
2023,45028,1.3,2.1,2.1,1.72,1.72,1.72,,,,2.102080768
2023,45029,1.95,2.53,2.53,2.6,2.6,2.6,,,,2.52614677
2023,45030,1.9,2.31,2.31,2.35,2.35,2.35,,,,2.308806978
2023,45031,2.76,2.61,2.61,2.86,2.86,2.86,,,,2.609902227
2023,45032,0.75,1.5,1.5,0.86,0.86,0.86,,,,1.500719339
2023,45033,1.14,1.58,1.58,1.76,1.76,1.76,,,,1.579241327
2023,45034,2.3,2.42,2.42,2.44,2.44,2.44,,,,2.415958141
2023,45035,2.69,3.37,3.37,3.49,3.49,3.5,,,,3.372077702
2023,45036,1.55,1.86,1.86,2.02,2.02,2.02,,,,1.864174714
2023,45037,2.23,2.51,2.51,2.67,2.67,2.67,,,,2.511859694
2023,45038,1.03,1.08,1.08,0.97,0.97,0.97,,,,1.08372915
2023,45039,1.59,1.62,1.62,1.6,1.6,1.6,,,,1.621016188
2023,45040,1.36,2.07,2.07,1.91,1.91,1.91,,,,2.068763829
2023,45041,1.44,2.24,2.24,2.28,2.29,2.29,,,,2.238167083
2023,45042,2.23,2.19,2.19,2.27,2.27,2.27,,,,2.193499488
2023,45043,2.81,2.56,2.56,2.77,2.77,2.77,,,,2.564528063
2023,45044,2.5,1.23,1.23,1.34,1.34,1.34,,,,1.225689945
2023,45045,1.16,1.85,1.85,1.86,1.86,1.86,,,,1.849866947
2023,45046,2.38,3,3,3.3,3.3,3.3,,,,2.996120968
2023,45047,1.87,2.51,2.51,2.52,2.52,2.52,,,,2.506814596
2023,45048,1.98,2.84,2.84,3.14,3.15,3.15,,,,2.842787307
2023,45049,3.43,3.38,3.38,3.66,3.66,3.66,,,,3.383578382
2023,45050,4.33,4.1,4.1,4.2,4.21,4.21,,,,4.098899278
2023,45051,1.83,2.5,2.5,2.37,2.37,2.37,,,,2.495037744
2023,45052,2.19,2.39,2.39,2.32,2.32,2.32,,,,2.392449645
2023,45053,1.17,1.52,1.52,1.47,1.47,1.47,,,,1.523122922
2023,45054,2.72,1.31,1.31,2.08,2.09,2.09,,,,1.311664301
2023,45055,1.02,1.05,1.05,0.96,0.96,0.96,,,,1.048274034
2023,45056,1.44,1.47,1.47,1.53,1.53,1.53,,,,1.471890282
2023,45057,1.96,2.06,2.06,2.22,2.22,2.22,,,,2.058435449
2023,45058,1.74,1.6,1.6,1.68,1.68,1.68,,,,1.60085398
2023,45059,3.04,3.47,3.47,4.28,4.28,4.28,,,,3.47150611
2023,45060,2.53,2.84,2.84,3.01,3.01,3.01,,,,2.840868784
2023,45061,2.72,0.96,0.96,1.1,1.1,1.1,,,,0.963767417
2023,45062,2.72,3.11,3.11,3.08,3.08,3.08,,,,3.106925277
2023,45063,2.83,3.11,3.11,3.4,3.4,3.4,,,,3.112055897
2023,45064,3.22,3.49,3.49,3.51,3.51,3.52,,,,3.488506913
2023,45065,3.72,3.52,3.52,4.13,4.13,4.13,,,,3.524181799
2023,45066,3.66,4.17,4.17,4.38,4.38,4.38,,,,4.174761382
2023,45067,3.5,3.13,3.13,3.68,3.69,3.69,,,,3.134953769
2023,45068,1.93,1.76,1.76,2.13,2.13,2.13,,,,1.76127379
2023,45069,2.24,2.89,2.89,3.24,3.24,3.24,,,,2.887625216
2023,45070,2.85,3.06,3.06,2.59,2.59,2.59,,,,3.06201717
2023,45071,3.87,3.85,3.85,3.66,3.66,3.66,,,,3.851187221
2023,45072,3.91,4.57,4.57,4.64,4.64,4.64,,,,4.565156995
2023,45073,4.39,4.71,4.71,4.82,4.82,4.82,,,,4.711575175
2023,45074,4.57,4.64,4.64,4.92,4.92,4.92,,,,4.64448094
2023,45075,4.09,4.35,4.35,4.34,4.34,4.34,,,,4.34904892
2023,45076,4.49,4.38,4.38,4.43,4.43,4.43,,,,4.384191427
2023,45077,4.86,4.9,4.9,5.18,5.18,5.18,,,,4.899740893
2023,45078,4.69,4.11,4.11,4.28,4.28,4.28,,,,4.112897778
2023,45079,3.94,3.98,3.98,4.02,4.02,4.02,,,,3.977916483
2023,45080,4.49,5.37,5.37,5.37,5.37,5.37,,,,5.370317208
2023,45081,4.96,5.36,5.36,5.64,5.64,5.64,,,,5.364751375
2023,45082,4.82,4.54,4.54,4.85,4.85,4.85,,,,4.540735081
2023,45083,4.5,4.54,4.54,4.84,4.84,4.84,,,,4.538738957
2023,45084,4.26,4.3,4.3,3.93,3.93,3.93,,,,4.304741878
2023,45085,4.24,5.05,5.05,5.19,5.19,5.19,,,,5.048392914
2023,45086,5.1,6.05,6.05,6.1,6.1,6.1,,,,6.054924144
2023,45087,5.72,6.59,6.59,6.5,6.5,6.5,,,,6.590955065
2023,45088,3.9,5.36,5.36,6.01,6.01,6.01,,,,5.364819219
2023,45089,4.22,5.87,5.87,6.61,6.61,6.61,,,,5.867097917
2023,45090,5.68,6.56,6.56,6.7,6.7,6.7,,,,6.557596176
2023,45091,5.18,5.76,5.76,6.34,6.34,6.34,,,,5.760010458
2023,45092,4.96,5.43,5.43,5.52,5.52,5.52,,,,5.433507833
2023,45093,4.7,4.82,4.82,5.11,5.11,5.11,,,,4.816659578
2023,45094,3.83,4.03,4.03,4.73,4.73,4.73,,,,4.025339038
2023,45095,2.48,3.4,3.4,3.09,3.09,3.09,,,,3.395831198
2023,45096,4.39,4.46,4.46,5.06,5.06,5.07,,,,4.457820239
2023,45097,3.74,3.29,3.29,3.92,3.92,3.92,,,,3.285160448
2023,45098,4.43,4.5,4.5,4.79,4.79,4.79,,,,4.503158501
2023,45099,1.23,1.79,1.79,1.34,1.34,1.34,,,,1.792435786
2023,45100,4.23,4.27,4.27,4.78,4.78,4.78,,,,4.274502427
2023,45101,4.95,5.41,5.41,5.52,5.52,5.52,,,,5.407242707
2023,45102,5.4,5.68,5.68,5.88,5.88,5.88,,,,5.679734232
2023,45103,4.54,4.83,4.83,5.05,5.05,5.06,,,,4.829923252
2023,45104,3.25,3.81,3.81,3.65,3.65,3.65,,,,3.810850254
2023,45105,2.75,2.56,2.56,3.11,3.11,3.11,,,,2.555882875
2023,45106,1.94,2.71,2.71,2.44,2.44,2.44,,,,2.713871407
2023,45107,3.59,3.93,3.93,4.21,4.21,4.21,,,,3.925533545
2023,45108,2.31,1.83,1.83,2.15,2.15,2.15,,,,1.831007203
2023,45109,3.41,4.26,4.26,4.28,4.28,4.28,,,,4.262775429
2023,45110,3.95,4.25,4.25,4.11,4.11,4.11,,,,4.249504539
2023,45111,3.23,3.33,3.33,3.78,3.78,3.78,,,,3.326026439
2023,45112,2.65,4.1,4.1,3.39,3.39,3.39,,,,4.098970632
2023,45113,3.42,3.65,3.65,4.03,4.03,4.03,,,,3.654256422
2023,45114,4.41,5.34,5.34,5.26,5.26,5.26,,,,5.340759754
2023,45115,4.85,5.27,5.27,5.2,5.21,5.21,,,,5.266165392
2023,45116,3.4,3.36,3.36,3.46,3.46,3.47,,,,3.358954141
2023,45117,4.56,4.77,4.77,5.17,5.17,5.17,,,,4.765842648
2023,45118,5.7,5.01,5.01,4.78,4.78,4.78,,,,5.006596319
2023,45119,3.87,4.5,4.5,4.03,4.03,4.03,,,,4.500439527
2023,45120,2.98,4.06,4.06,3.3,3.3,3.3,,,,4.058317186
2023,45121,4.25,4.08,4.08,4.3,4.3,4.3,,,,4.080182635
2023,45122,3.98,5.17,5.17,4.38,4.38,4.39,,,,5.171795156
2023,45123,3.63,4.14,4.14,3.83,3.83,3.84,,,,4.139401609
2023,45124,3.79,4.22,4.22,3.56,3.56,3.56,,,,4.215292791
2023,45125,3.86,4.73,4.73,4.39,4.39,4.4,,,,4.731884937
2023,45126,3.15,3.11,3.11,3.34,3.34,3.34,,,,3.107711917
2023,45127,3.77,2.38,2.38,2.53,2.53,2.53,,,,2.382908881
2023,45128,2.89,3.43,3.43,2.79,2.79,2.79,,,,3.432069349
2023,45129,3.37,3.2,3.2,3.38,3.38,3.38,,,,3.196402285
2023,45130,1.96,2.12,2.12,2.02,2.02,2.02,,,,2.119257783
2023,45131,2.07,2.63,2.63,2.26,2.26,2.26,,,,2.632209882
2023,45132,1.98,2.8,2.8,3.61,3.61,3.61,,,,2.796099057
2023,45133,2.77,3.66,3.66,3.84,3.84,3.84,,,,3.656776723
2023,45134,1.14,1.17,1.17,1.26,1.26,1.26,,,,1.172536635
2023,45135,1.81,2.68,2.68,2.94,2.94,2.94,,,,2.676078632
2023,45136,2.9,3.21,3.21,2.88,2.88,2.88,,,,3.206425162
2023,45137,2.42,2.87,2.87,2.89,2.89,2.89,,,,2.867909586
2023,45138,1.3,1.39,1.39,1.31,1.31,1.31,,,,1.385697235
2023,45139,2.28,2.48,2.48,2.53,2.53,2.53,,,,2.477855424
2023,45140,2.37,2.66,2.66,2.7,2.7,2.71,,,,2.662670469
2023,45141,1.37,1.71,1.71,1.79,1.79,1.79,,,,1.713652276
2023,45142,2.05,2.69,2.69,2.86,2.86,2.86,,,,2.686817914
2023,45143,1.45,1.45,1.45,1.39,1.39,1.39,,,,1.448117019
2023,45144,1.55,1.88,1.88,1.44,1.44,1.44,,,,1.880303177
2023,45145,2.63,3.42,3.42,3.47,3.47,3.47,,,,3.422480299
2023,45146,2.17,2.2,2.2,2.24,2.24,2.24,,,,2.199666749
2023,45147,3.12,3.45,3.45,3.65,3.66,3.66,,,,3.451923999
2023,45148,3.67,3.84,3.84,3.87,3.87,3.88,,,,3.837719302
2023,45149,3.46,3.22,3.22,3.58,3.58,3.58,,,,3.220125392
2023,45150,2.5,3.52,3.52,3.01,3.01,3.01,,,,3.518673353
2023,45151,3.06,2.69,2.69,3.1,3.1,3.1,,,,2.690890936
2023,45152,3.04,3.91,3.91,4.07,4.07,4.07,,,,3.910357185
2023,45153,3.18,3.44,3.44,3.67,3.67,3.67,,,,3.439798831
2023,45154,2.19,3,3,2.37,2.37,2.37,,,,2.999177667
2023,45155,1.94,2.18,2.18,2.14,2.14,2.14,,,,2.179037079
2023,45156,3.17,2.33,2.33,2.9,2.9,2.9,,,,2.328902319
2023,45157,2.58,2.9,2.9,2.69,2.69,2.7,,,,2.899968132
2023,45158,3.49,3.55,3.55,3.92,3.93,3.93,,,,3.550506839
2023,45159,3.3,3.6,3.6,3.98,3.98,3.98,,,,3.598490554
2023,45160,3.2,2.74,2.74,2.93,2.93,2.93,,,,2.738973802
2023,45161,3.28,3.46,3.46,3.73,3.73,3.73,,,,3.462584692
2023,45162,1.21,1.69,1.69,1.74,1.74,1.74,,,,1.690933897
2023,45163,1.48,1.4,1.4,1.21,1.21,1.22,,,,1.404666667
2023,45164,2.34,2.67,2.67,2.94,2.94,2.94,,,,2.665463085
2023,45165,2.38,2.68,2.68,2.53,2.54,2.54,,,,2.68313485
2023,45166,1.4,2.62,2.62,1.94,1.94,1.95,,,,2.618238826
2023,45167,1.72,2.02,2.02,1.66,1.66,1.66,,,,2.018231124
2023,45168,1.22,2.21,2.21,1.92,1.92,1.92,,,,2.206787119
2023,45169,1.86,2.02,2.02,2.32,2.32,2.32,,,,2.018570372
2023,45170,1.45,1.7,1.7,1.78,1.78,1.78,,,,1.695288956
2023,45171,2.82,2.4,2.4,2.32,2.32,2.32,,,,2.399029346
2023,45172,2.17,2.71,2.71,2.87,2.87,2.87,,,,2.708212812
2023,45173,2.91,3.19,3.19,3.19,3.19,3.19,,,,3.19283799
2023,45174,4.15,3.44,3.44,3.57,3.57,3.57,,,,3.443436778
2023,45175,3.25,3.29,3.29,3.55,3.55,3.55,,,,3.290736886
2023,45176,3.11,3.26,3.26,3.46,3.46,3.46,,,,3.256403546
2023,45177,3,2.99,2.99,3.32,3.32,3.32,,,,2.988535324
2023,45178,2.87,3.04,3.04,3.11,3.11,3.11,,,,3.042392319
2023,45179,3.06,3.14,3.14,3.21,3.21,3.21,,,,3.141102732
2023,45180,2.43,2.57,2.57,2.71,2.71,2.72,,,,2.573327513
2023,45181,1.62,1.88,1.88,2.16,2.16,2.17,,,,1.881773282
2023,45182,1.72,1.99,1.99,1.94,1.94,1.94,,,,1.985550993
2023,45183,2.07,2.34,2.34,2.22,2.22,2.23,,,,2.34028543
2023,45184,2.12,2.51,2.51,2.4,2.4,2.4,,,,2.508800883
2023,45185,1.7,2.26,2.26,2.01,2.01,2.01,,,,2.257355082
2023,45186,1.97,1.31,1.31,1.4,1.4,1.4,,,,1.312940693
2023,45187,1.86,2.03,2.03,1.96,1.96,1.97,,,,2.026181168
2023,45188,1.82,2.36,2.36,2.37,2.37,2.37,,,,2.357023369
2023,45189,2.41,2.4,2.4,2.3,2.3,2.3,,,,2.397319569
2023,45190,1.18,1.04,1.04,0.95,0.95,0.95,,,,1.041958182
2023,45191,1.08,1.14,1.14,1.34,1.34,1.34,,,,1.136825821
2023,45192,1.29,1.77,1.77,1.5,1.5,1.5,,,,1.768173312
2023,45193,1.81,2.23,2.23,1.95,1.95,1.95,,,,2.233977551
2023,45194,2.16,2.14,2.14,1.85,1.85,1.85,,,,2.135489157
2023,45195,1.8,1.6,1.6,1.64,1.65,1.65,,,,1.596919367
2023,45196,1.69,1.5,1.5,1.56,1.56,1.57,,,,1.495237133
2023,45197,1.64,1.92,1.92,1.87,1.87,1.87,,,,1.918957274
2023,45198,1.23,1.36,1.36,1.16,1.16,1.16,,,,1.35808405
2023,45199,1.3,1.46,1.46,1.38,1.38,1.38,,,,1.457575886
2023,45200,1.77,2.2,2.2,1.9,1.9,1.9,,,,2.197351464
2023,45201,1.2,1.22,1.22,1.32,1.32,1.32,,,,1.219365433
