year,Date,C535CA,C55D7C,C54992,C535C9,C562C6,C54986,C58157,C54BB2,2F71D1,012384F3720B710DEE,C54762
2021,44297,0,0,0,0,0,0,0,0,0,0,0
2021,44298,0,0,0,0,0,0,0,0,0,0,0
2021,44299,0,0,0,0,0,0,0,0,0,0,0
2021,44300,0,0,0,0,0,0,0,0,0,0,0
2021,44301,0,0,0,0,0,0,0,0,0,0,0
2021,44302,0,0,0,0,0,0,0,0,0,0,0
2021,44303,0,0,0,0,0,0,0,0,0,0,0
2021,44304,0,0,0,0,0,0,0,0,0,0,0
2021,44305,0,0,0,0,0,0,0,0,0,0,0
2021,44306,0,0,0,0,0,0,0,0,0,0,0
2021,44307,0,0,0,0,0,0,0,0,0,0,0
2021,44308,0,0,0,0,0,0,0,0,0,0,0
2021,44309,0,0,0,0,0,0,0,0,1,0,0
2021,44310,0,0,0,0,0,0,0,0,0,0,0
2021,44311,0,0,0,0,0,0,0,0,0,0,0
2021,44312,0,0,0,0,0,0,0,0,0,0,0
2021,44313,0,0,0,0,0,0,0,0,0,0,0
2021,44314,0,0,0,0,0,0,0,0,0,0,0
2021,44315,0,0,0,0,0,0,0,0,0,0,0
2021,44316,0,0,0,0,0,0,0,0,0,0,0
2021,44317,0,0,0,0,0,0,0,0,0,0,0
2021,44318,0,0,0,0,0,0,0,0,0,0,0
2021,44319,0,0,0,0,0,0,0,0,0,0,0
2021,44320,0,0,0,0,0,0,0,0,0,0,0
2021,44321,0,0,0,0,0,0,0,0,0,0,0
2021,44322,0,0,0,0,0,0,0,0,0,0,0
2021,44323,0,0,0,0,0,0,0,0,0,0,0
2021,44324,0,0,0,0,0,0,0,0,0,0,0
2021,44325,0,0,0,0,0,0,0,0,0,0,0
2021,44326,0,0,0,0,0,0,0,0,0,0,0
2021,44327,0,0,0,0,0,0,0,0,0,0,0
2021,44328,0,0,0,0,0,0,0,0,0,0,0
2021,44329,0,0,0,0,0,0,0,0,0,0,0
2021,44330,0,0,0,0,0,0,0,0,0,0,0
2021,44331,0,0,0,0,0,0,0,0,0,0,0
2021,44332,0,0,0,0,0,0,0,0,0,0,0
2021,44333,0,0,0,0,0,0,0,0,0,0,0
2021,44334,0,0,0,0,0,0,0,0,0,0,0
2021,44335,0,0,0,0,0,0,0,0,0,0,0
2021,44336,0,0,0,0,0,0,0,0,0,0,0
2021,44337,0,0,0,0,0,0,0,0,0,0,0
2021,44338,0,0,0,0,0,0,0,0,0,0,0
2021,44339,0,0,0,0,0,0,0,0,0,0,0
2021,44340,0,0,0,0,0,0,0,0,0,0,0
2021,44341,0,0,0,0,0,0,0,0,0,0,0
2021,44342,0,0,0,0,0,0,0,0,0,0,0
2021,44343,0,0,0,0,0,0,0,0,0,0,0
2021,44344,0,0,0,0,0,0,0,0,0,0,0
2021,44345,0,0,0,0,0,0,0,0,0,0,0
2021,44346,0,0,0,0,0,0,0,0,0,0,0
2021,44347,0,0,0,0,0,0,0,0,0,0,0
2021,44348,0,0,0,0,0,0,0,0,0,0,0
2021,44349,0,0,0,0,0,0,0,0,0,0,0
2021,44350,0,0,0,0,0,0,0,0,0,0,0
2021,44351,0,0,0,0,0,0,7.7,0,0,0,0
2021,44352,0,0,0,0,0,0,0,0,0,0,0
2021,44353,0,0,0,0,0,0,5.24,0,0,0,0
2021,44354,0,0,0,0,0,0,7.18,0,0,0,0
2021,44355,0,0,0,0,0,0,5.63,0,0,0,0
2021,44356,0,0,0,0,0,0,5.55,0,0,0,0
2021,44357,0,0,0,0,0,0,5.91,0,0,0,0
2021,44358,0,0,0,0,0,0,5.23,0,0,0,0
2021,44359,0,0,0,0,0,0,5.57,0,0,0,0
2021,44360,0,0,0,0,0,0,5.16,0,0,0,0
2021,44361,0,0,0,0,0,0,4.78,0,12,0,0
2021,44362,0,0,0,0,0,0,4.75,0,8,0,0
2021,44363,0,0,0,0,0,0,4.48,0,0,0,0
2021,44364,0,0,0,0,0,0,4.83,0,0,0,0
2021,44365,0,0,0,0,0,0,0,0,0,0,0
2021,44366,0,0,0,0,0,0,0,0,0,0,0
2021,44367,0,0,0,0,0,0,0,0,0,0,0
2021,44368,0,0,0,0,0,0,0,0,0,0,0
2021,44369,0,0,0,0,0,0,0,0,0,0,0
2021,44370,0,0,0,0,0,0,0,0,0,0,0
2021,44371,0,0,0,0,0,0,0,0,0,0,0
2021,44372,0,0,0,0,0,0,0,0,0,0,0
2021,44373,0,0,0,0,0,0,0,0,0,0,0
2021,44374,0,0,0,0,0,0,0,0,0,0,0
2021,44375,0,0,0,0,0,0,0,0,0,0,0
2021,44376,0,0,0,0,0,0,0,0,0,0,0
2021,44377,0,0,0,0,0,0,0,0,0,0,0
2021,44378,0,0,0,0,0,0,0,0,0,0,0
2021,44379,0,0,0,0,0,0,0,0,0,0,0
2021,44380,0,0,0,0,0,0,0,0,0,0,0
2021,44381,0,0,0,0,0,0,0,0,0,0,0
2021,44382,0,0,0,0,0,0,0,0,0,0,0
2021,44383,0,0,0,0,0,0,0,0,0,0,0
2021,44384,0,0,0,0,0,0,0,0,0,0,0
2021,44385,0,0,0,0,0,0,0,0,0,0,0
2021,44386,0,0,0,0,0,0,0,0,0,0,0
2021,44387,0,0,0,0,0,0,0,0,0,0,0
2021,44388,0,0,0,0,0,0,0,0,0,0,0
2021,44389,0,0,0,0,0,0,0,0,0,0,0
2021,44390,0,0,0,0,0,0,0,0,0,0,0
2021,44391,0,0,0,0,0,0,0,0,0,0,0
2021,44392,0,0,0,0,0,0,0,0,0,0,0
2021,44393,0,0,0,0,0,0,0,0,0,0,0
2021,44394,0,0,0,0,0,0,0,0,0,0,0
2021,44395,0,0,0,0,0,0,0,0,0,0,0
2021,44396,0,0,0,0,0,0,0,0,0,0,0
2021,44397,0,0,0,0,0,0,0,0,0,0,0
2021,44398,0,0,0,0,0,0,0,0,0,0,0
2021,44399,0,0,0,0,0,0,0,0,0,20,0
2021,44400,0,0,0,0,0,0,0,0,0,0,0
2021,44401,0,0,0,0,0,0,0,0,0,0,0
2021,44402,0,0,0,0,0,0,0,0,0,0,0
2021,44403,0,0,0,0,0,0,0,0,0,0,0
2021,44404,0,0,0,0,0,0,0,0,0,0,0
2021,44405,0,0,0,0,0,0,0,0,0,0,0
2021,44406,0,0,0,0,0,0,0,0,0,0,0
2021,44407,0,0,0,0,0,0,0,0,0,0,0
2021,44408,0,0,0,0,0,0,0,0,0,0,0
2021,44409,0,0,0,0,0,0,0,0,0,0,0
2021,44410,0,0,0,0,0,0,0,0,0,0,0
2021,44411,0,0,0,0,0,0,0,0,0,0,0
2021,44412,0,0,0,0,0,0,0,0,0,0,0
2021,44413,0,0,0,0,0,0,0,0,0,0,0
2021,44414,0,0,0,0,0,0,0,0,0,0,0
2021,44415,0,0,0,0,0,0,0,0,0,0,0
2021,44416,0,0,0,0,0,0,0,0,0,0,0
2021,44417,0,0,0,0,0,0,0,0,0,0,0
2021,44418,0,0,0,0,0,0,0,0,0,0,0
2021,44419,0,0,0,0,0,0,0,0,0,0,0
2021,44420,0,0,0,0,0,0,0,0,0,0,0
2021,44421,0,0,0,0,0,0,0,0,0,0,0
2021,44422,0,0,0,0,0,0,0,0,0,0,0
2021,44423,0,0,0,0,0,0,0,0,0,0,0
2021,44424,0,0,0,0,0,0,0,0,0,0,0
2021,44425,0,0,0,0,0,0,0,0,0,0,0
2021,44426,0,0,0,0,0,0,0,0,0,0,0
2021,44427,0,0,0,0,0,0,0,0,0,0,0
2021,44428,0,0,0,0,0,0,0,0,0,0,0
2021,44429,0,0,0,0,0,0,0,0,0,0,0
2021,44430,0,0,0,0,0,0,0,0,0,0,0
2021,44431,0,0,0,0,0,0,0,0,0,0,0
2021,44432,0,0,0,0,0,0,0,0,0,0,0
2021,44433,0,0,0,0,0,0,0,0,0,0,0
2021,44434,0,0,0,0,0,0,0,0,0,0,0
2021,44435,0,0,0,0,0,0,0,0,0,0,0
2021,44436,0,0,0,0,0,0,0,0,0,0,0
2021,44437,0,0,0,0,0,0,0,0,0,0,0
2021,44438,0,0,0,0,0,0,0,0,0,15,0
2021,44439,0,0,0,0,0,0,0,0,0,0,0
2021,44440,0,0,0,0,0,0,0,0,0,0,0
2021,44441,0,0,0,0,0,0,0,0,0,0,0
2021,44442,0,0,0,0,0,0,0,0,14,0,0
2021,44443,0,0,0,0,0,0,0,0,0,0,0
2021,44444,0,0,0,0,0,0,0,0,0,0,0
2021,44445,0,0,0,0,0,0,0,0,0,0,0
2021,44446,0,0,0,0,0,0,0,0,15,0,0
2021,44447,0,0,0,0,0,0,0,0,0,0,0
2021,44448,0,0,0,0,0,0,0,0,0,0,0
2021,44449,0,0,0,0,0,0,0,0,0,0,0
2021,44450,0,0,0,0,0,0,0,0,0,0,0
2021,44451,0,0,0,0,0,0,0,0,0,0,0
2021,44452,0,0,0,0,0,0,0,0,15,0,0
2021,44453,0,0,0,0,0,0,0,0,0,0,0
2021,44454,0,0,0,0,0,0,0,0,0,0,0
2021,44455,0,0,0,0,0,0,0,0,0,0,0
2021,44456,0,0,0,0,0,0,0,0,0,0,0
2021,44457,0,0,0,0,0,0,0,0,0,0,0
2021,44458,0,0,0,0,0,0,0,0,0,0,0
2021,44459,0,0,0,0,0,0,0,0,15,0,0
2021,44460,0,0,0,0,0,0,0,0,0,0,0
2021,44461,0,0,0,0,0,0,0,0,0,0,0
2021,44462,0,0,0,0,0,0,0,0,0,0,0
2021,44463,0,0,0,0,0,0,0,0,0,0,0
2021,44464,0,0,0,0,0,0,0,0,0,0,0
2021,44465,0,0,0,0,0,0,0,0,0,0,0
2021,44466,0,0,0,0,0,0,0,0,0,0,0
2021,44467,0,0,0,0,0,0,0,0,0,0,0
2021,44468,0,0,0,0,0,0,0,0,0,0,0
2021,44469,0,0,0,0,0,0,0,0,0,0,0
2022,44652,0,0,0,0,0,0,0,0,0,0,0
2022,44653,0,0,0,0,0,0,0,0,0,0,0
2022,44654,0,0,0,0,0,0,0,0,0,0,0
2022,44655,0,0,0,0,0,0,0,0,0,0,0
2022,44656,0,0,0,0,0,0,0,0,0,0,0
2022,44657,0,0,0,0,0,0,0,0,0,0,0
2022,44658,0,0,0,0,0,0,0,0,0,0,0
2022,44659,0,0,0,0,0,0,0,0,0,0,0
2022,44660,0,0,0,0,0,0,0,0,0,0,0
2022,44661,0,0,0,0,0,0,0,0,0,0,0
2022,44662,0,0,0,0,0,0,0,0,0,0,0
2022,44663,0,0,0,0,0,0,0,0,0,0,0
2022,44664,0,0,0,0,0,0,0,0,0,0,0
2022,44665,0,0,0,0,0,0,0,0,0,0,0
2022,44666,0,0,0,0,0,0,0,0,0,0,0
2022,44667,0,0,0,0,0,0,0,0,0,0,0
2022,44668,0,0,0,0,0,0,0,0,0,0,0
2022,44669,0,0,0,0,0,0,0,0,0,0,0
2022,44670,0,0,0,0,0,0,0,0,0,0,0
2022,44671,0,0,0,0,0,0,0,0,0,0,0
2022,44672,0,0,0,0,0,0,0,0,0,0,0
2022,44673,0,0,0,0,0,0,0,0,0,0,0
2022,44674,0,0,0,0,0,0,0,0,0,0,0
2022,44675,0,0,0,0,0,0,0,0,0,0,0
2022,44676,0,0,0,0,0,0,0,0,0,0,0
2022,44677,0,0,0,0,0,0,0,0,0,0,0
2022,44678,0,0,0,0,0,0,0,0,0,0,0
2022,44679,0,0,0,0,0,0,0,0,0,0,0
2022,44680,0,0,0,0,0,0,0,0,0,0,0
2022,44681,0,0,0,0,0,0,0,0,0,0,0
2022,44682,0,0,0,0,0,0,0,0,0,0,0
2022,44683,0,0,0,0,0,0,0,0,0,0,0
2022,44684,0,0,0,0,0,0,0,0,0,0,0
2022,44685,0,0,0,0,0,0,0,0,0,0,0
2022,44686,0,0,0,0,0,0,0,0,0,0,0
2022,44687,0,0,0,0,0,0,0,0,0,0,0
2022,44688,0,0,0,0,0,0,0,0,0,0,0
2022,44689,0,0,0,0,0,0,0,0,0,0,0
2022,44690,0,0,0,0,0,0,0,0,0,0,0
2022,44691,0,0,0,0,0,0,0,0,0,0,0
2022,44692,0,0,0,0,0,0,3.27,3.27,0,0,0
2022,44693,0,0,0,0,0,0,4.18,4.18,0,0,0
2022,44694,0,0,0,0,0,0,4.84,4.84,0,0,0
2022,44695,0,0,0,0,0,0,2.96,2.96,0,0,0
2022,44696,0,0,0,0,0,0,4.63,4.63,0,0,0
2022,44697,0,0,0,0,0,0,2.71,2.71,0,0,0
2022,44698,0,0,0,0,0,0,4.19,4.19,0,0,0
2022,44699,0,0,0,0,0,0,3.51,3.51,0,0,0
2022,44700,0,0,0,0,0,0,0,0,0,0,0
2022,44701,0,0,0,0,0,0,0,0,0,0,0
2022,44702,0,0,0,0,0,0,0,0,0,0,0
2022,44703,0,0,0,0,0,0,0,0,0,0,0
2022,44704,0,0,0,0,0,0,3.92,3.92,0,0,0
2022,44705,0,0,0,0,0,0,0,0,0,0,0
2022,44706,0,0,0,0,0,0,0,0,0,0,0
2022,44707,0,0,0,0,0,0,0,0,0,0,0
2022,44708,0,0,0,0,0,0,0,0,0,0,0
2022,44709,0,0,0,0,0,0,7.93,0,0,0,0
2022,44710,0,0,0,0,0,0,13.75,0,0,0,0
2022,44711,0,0,0,0,0,0,5.2,0,0,0,0
2022,44712,0,0,0,0,0,0,0,0,0,0,0
2022,44713,0,0,0,0,0,0,0,0,0,0,0
2022,44714,0,0,0,0,0,0,0,0,0,0,0
2022,44715,0,0,0,0,0,0,0,0,0,0,0
2022,44716,0,0,0,0,0,0,0,0,0,0,0
2022,44717,0,0,0,0,0,0,0,0,0,0,0
2022,44718,0,0,0,0,0,0,0,0,0,0,0
2022,44719,0,0,0,0,0,0,0,0,0,0,0
2022,44720,0,0,0,0,0,0,0,0,0,0,0
2022,44721,0,0,0,0,0,0,0,0,0,0,0
2022,44722,0,0,0,0,0,0,0,0,0,0,0
2022,44723,0,0,0,0,0,0,0,0,0,0,0
2022,44724,0,0,0,0,0,0,0,0,0,0,0
2022,44725,0,0,0,0,0,0,0,0,0,0,0
2022,44726,0,0,0,0,0,0,0,0,0,0,0
2022,44727,0,0,0,0,0,0,0,0,0,0,0
2022,44728,0,0,0,0,0,0,0,0,0,0,0
2022,44729,0,0,0,0,0,0,0,0,20,0,0
2022,44730,0,0,0,0,0,0,0,0,0,0,0
2022,44731,0,0,0,0,0,0,0,0,0,0,0
2022,44732,0,0,0,0,0,10,14.96,0,0,0,0
2022,44733,0,0,0,0,0,0,0,0,0,0,0
2022,44734,0,0,0,0,0,10,0,0,10,0,0
2022,44735,0,0,0,0,0,0,0,0,0,0,0
2022,44736,0,0,0,0,0,10,0,0,0,0,0
2022,44737,0,0,0,0,0,0,0,0,0,0,0
2022,44738,0,0,0,0,0,0,0,0,0,0,0
2022,44739,0,0,0,0,0,0,0,0,0,0,0
2022,44740,0,0,0,0,0,0,0,0,0,0,0
2022,44741,0,0,0,0,0,10,0,0,0,0,0
2022,44742,0,0,0,0,0,0,0,0,0,0,0
2022,44743,0,0,0,0,0,0,0,0,0,0,0
2022,44744,0,0,0,0,0,0,0,0,0,0,0
2022,44745,0,0,0,0,0,0,0,0,0,0,0
2022,44746,0,0,0,0,0,10,0,0,0,0,0
2022,44747,0,0,0,0,0,0,0,0,0,0,0
2022,44748,0,0,0,0,0,10,0,0,0,0,0
2022,44749,0,0,0,0,0,0,0,0,15,0,0
2022,44750,0,0,0,0,0,10,16.2,0,0,0,0
2022,44751,0,0,0,0,0,0,0,0,0,0,0
2022,44752,0,0,0,0,0,0,0,0,0,0,0
2022,44753,30,0,0,0,0,10,0,0,15,0,0
2022,44754,0,15,0,0,0,0,0,0,0,0,0
2022,44755,0,0,0,0,0,10,18.2,0,0,0,0
2022,44756,0,0,0,0,0,0,0,0,15,0,0
2022,44757,0,0,0,0,0,10,0,0,0,0,0
2022,44758,0,0,0,0,0,0,0,0,0,0,0
2022,44759,0,0,0,0,0,0,0,0,0,0,0
2022,44760,0,0,0,0,0,15,8.8,0,12,0,0
2022,44761,0,0,0,0,0,0,0,0,0,0,0
2022,44762,0,0,0,0,0,0,0,0,0,0,0
2022,44763,0,0,0,0,0,0,0,0,0,0,0
2022,44764,0,0,0,0,0,15,0,0,0,0,0
2022,44765,30,0,0,0,0,0,0,0,0,0,0
2022,44766,0,0,0,0,0,0,0,0,0,0,0
2022,44767,0,0,0,0,0,10,16.1,0,10,0,0
2022,44768,0,0,0,0,0,0,0,0,0,0,0
2022,44769,0,25,0,0,0,10,0,0,0,0,0
2022,44770,0,0,0,0,0,0,0,0,10,0,0
2022,44771,0,0,0,0,0,10,11.2,0,0,0,0
2022,44772,0,0,0,0,0,0,0,0,0,0,0
2022,44773,0,0,0,0,0,0,0,0,0,0,0
2022,44774,30,0,0,0,0,10,0,0,14.3,0,0
2022,44775,0,0,0,0,0,0,10.7,0,0,0,0
2022,44776,0,0,0,0,0,10,0,0,0,0,0
2022,44777,0,0,0,0,0,0,0,0,0,0,0
2022,44778,0,0,0,0,0,10,20.6,0,16.5,0,0
2022,44779,0,0,0,0,0,0,0,0,0,0,0
2022,44780,0,0,0,0,0,0,0,0,0,0,0
2022,44781,0,25,0,0,0,10,0,0,15,0,0
2022,44782,30,0,0,0,0,0,20.8,0,0,0,0
2022,44783,0,0,0,0,0,10,0,0,0,0,0
2022,44784,0,0,0,0,0,0,0,0,0,0,0
2022,44785,0,0,0,0,0,15,26.7,0,20,0,0
2022,44786,0,0,0,0,0,0,0,0,0,0,0
2022,44787,0,0,0,0,0,0,0,0,0,0,0
2022,44788,0,0,0,0,0,0,24.5,0,0,0,0
2022,44789,0,0,0,0,0,0,0,0,15,0,0
2022,44790,0,0,0,0,0,0,0,0,0,0,0
2022,44791,0,0,0,0,0,0,0,0,0,0,0
2022,44792,0,0,0,0,0,0,0,0,0,0,0
2022,44793,0,0,0,0,0,0,0,0,0,0,0
2022,44794,0,0,0,0,0,0,0,0,0,0,0
2022,44795,0,0,0,0,0,0,16.4,0,0,0,0
2022,44796,0,0,0,0,0,0,0,0,0,0,0
2022,44797,0,0,0,0,0,0,0,0,0,0,0
2022,44798,0,0,0,0,0,0,0,0,0,0,0
2022,44799,0,25,0,0,0,0,20.53,0,0,0,0
2022,44800,0,0,0,0,0,0,0,0,0,0,0
2022,44801,0,0,0,0,0,0,0,0,0,0,0
2022,44802,0,0,0,0,0,0,0,0,0,0,0
2022,44803,0,0,0,0,0,0,16.49,0,0,0,0
2022,44804,0,0,0,0,0,0,0,0,0,0,0
2022,44805,0,0,0,0,0,0,0,0,0,0,0
2022,44806,0,0,0,0,0,0,16.39,0,0,0,0
2022,44807,0,0,0,0,0,0,0,0,0,0,0
2022,44808,0,0,0,0,0,0,0,0,0,0,0
2022,44809,0,0,0,0,0,0,0,0,0,0,0
2022,44810,0,0,0,0,0,0,0,0,0,0,0
2022,44811,0,0,0,0,0,0,0,0,0,0,0
2022,44812,0,0,0,0,0,0,0,0,0,0,0
2022,44813,0,0,0,0,0,0,0,0,0,0,0
2022,44814,0,0,0,0,0,0,0,0,0,0,0
2022,44815,0,0,0,0,0,0,0,0,0,0,0
2022,44816,0,0,0,0,0,0,0,0,0,0,0
2022,44817,0,0,0,0,0,0,0,0,0,0,0
2022,44818,0,0,0,0,0,0,0,0,0,0,0
2022,44819,0,0,0,0,0,0,0,0,0,0,0
2022,44820,0,0,0,0,0,0,0,0,0,0,0
2022,44821,0,0,0,0,0,0,0,0,0,0,0
2022,44822,0,0,0,0,0,0,0,0,0,0,0
2022,44823,0,0,0,0,0,0,0,0,0,0,0
2022,44824,0,0,0,0,0,0,0,0,0,0,0
2022,44825,0,0,0,0,0,0,0,0,0,0,0
2022,44826,0,0,0,0,0,0,0,0,0,0,0
2022,44827,0,0,0,0,0,0,0,0,0,0,0
2022,44828,0,0,0,0,0,0,0,0,0,0,0
2022,44829,0,0,0,0,0,0,0,0,0,0,0
2022,44830,0,0,0,0,0,0,0,0,0,0,0
2022,44831,0,0,0,0,0,0,0,0,0,0,0
2022,44832,0,0,0,0,0,0,0,0,0,0,0
2022,44833,0,0,0,0,0,0,0,0,0,0,0
2022,44834,0,0,0,0,0,0,0,0,0,0,0
2022,44835,0,0,0,0,0,0,0,0,0,0,0
2022,44836,0,0,0,0,0,0,0,0,0,0,0
2022,44837,0,0,0,0,0,0,0,0,0,0,0
2022,44838,0,0,0,0,0,0,0,0,0,0,0
2022,44839,0,0,0,0,0,0,0,0,0,0,0
2022,44840,0,0,0,0,0,0,0,0,0,0,0
2022,44841,0,0,0,0,0,0,0,0,0,0,0
2022,44842,0,0,0,0,0,0,0,0,0,0,0
2022,44843,0,0,0,0,0,0,0,0,0,0,0
2022,44844,0,0,0,0,0,0,0,0,0,0,0
2022,44845,0,0,0,0,0,0,0,0,0,0,0
2022,44846,0,0,0,0,0,0,0,0,0,0,0
2022,44847,0,0,0,0,0,0,0,0,0,0,0
2022,44848,0,0,0,0,0,0,0,0,0,0,0
2022,44849,0,0,0,0,0,0,0,0,0,0,0
2023,45017,0,0,0,0,0,0,0,0,0,0,0
2023,45018,0,0,0,0,0,0,0,0,0,0,0
2023,45019,0,0,0,0,0,0,0,0,0,0,0
2023,45020,0,0,0,0,0,0,0,0,0,0,0
2023,45021,0,0,0,0,0,0,0,0,0,0,0
2023,45022,0,0,0,0,0,0,0,0,0,0,0
2023,45023,0,0,0,0,0,0,0,0,0,0,0
2023,45024,0,0,0,0,0,0,0,0,0,0,0
2023,45025,0,0,0,0,0,0,0,0,0,0,0
2023,45026,0,0,0,0,0,0,0,0,0,0,0
2023,45027,0,0,0,0,0,0,0,0,0,0,0
2023,45028,0,0,0,0,0,0,0,0,0,0,0
2023,45029,0,0,0,0,0,0,0,0,0,0,0
2023,45030,0,0,0,0,0,0,0,0,0,0,0
2023,45031,0,0,0,0,0,0,0,0,0,0,0
2023,45032,0,0,0,0,0,0,0,0,0,0,0
2023,45033,0,0,0,0,0,0,0,0,0,0,0
2023,45034,0,0,0,0,0,0,0,0,0,0,0
2023,45035,0,0,0,0,0,0,0,0,0,0,0
2023,45036,0,0,0,0,0,0,0,0,0,0,0
2023,45037,0,0,0,0,0,0,0,0,0,0,0
2023,45038,0,0,0,0,0,0,0,0,0,0,0
2023,45039,0,0,0,0,0,0,0,0,0,0,0
2023,45040,0,0,0,0,0,0,0,0,0,0,0
2023,45041,0,0,0,0,0,0,0,0,0,0,0
2023,45042,0,0,0,0,0,0,0,0,0,0,0
2023,45043,0,0,0,0,0,0,0,0,0,0,0
2023,45044,0,0,0,0,0,0,0,0,0,0,0
2023,45045,0,0,0,0,0,0,0,0,0,0,0
2023,45046,0,0,0,0,0,0,0,0,0,0,0
2023,45047,0,0,0,0,0,0,0,0,0,0,0
2023,45048,0,0,0,0,0,0,0,0,0,0,0
2023,45049,0,0,0,0,0,0,0,0,0,0,0
2023,45050,0,0,0,0,0,0,0,0,0,0,0
2023,45051,0,0,0,0,0,0,0,0,0,0,0
2023,45052,0,0,0,0,0,0,0,0,0,0,0
2023,45053,0,0,0,0,0,0,0,0,0,0,0
2023,45054,0,0,0,0,0,0,0,0,0,0,0
2023,45055,0,0,0,0,0,0,0,0,0,0,0
2023,45056,0,0,0,0,0,0,0,0,0,0,0
2023,45057,0,0,0,0,0,0,0,0,0,0,0
2023,45058,0,0,0,0,0,0,0,0,0,0,0
2023,45059,0,0,0,0,0,0,0,0,0,0,0
2023,45060,0,0,0,0,0,0,0,0,0,0,0
2023,45061,0,0,0,0,0,0,0,0,0,0,0
2023,45062,0,0,0,0,0,0,0,0,0,0,0
2023,45063,0,0,0,0,0,0,0,0,0,0,0
2023,45064,0,0,0,0,0,0,0,0,0,0,0
2023,45065,0,0,0,0,0,0,0,0,0,0,0
2023,45066,0,0,0,0,0,0,0,0,0,0,0
2023,45067,0,0,0,0,0,0,0,0,0,0,0
2023,45068,0,0,0,0,0,0,0,0,0,0,0
2023,45069,0,0,0,0,0,0,0,0,0,0,0
2023,45070,0,0,0,0,2.31,0,0,0,0,0,0
2023,45071,0,0,0,0,2.31,0,0,0,0,0,0
2023,45072,0,0,0,0,0,0,0,0,0,0,0
2023,45073,0,0,0,0,2.31,0,0,0,0,0,0
2023,45074,0,0,0,0,2.31,0,0,0,0,0,0
2023,45075,0,0,0,0,2.31,0,0,0,0,0,0
2023,45076,0,0,0,0,2.31,0,0,0,0,0,0
2023,45077,0,0,0,0,2.31,0,0,0,0,0,0
2023,45078,0,0,0,0,0,0,0,0,0,0,0
2023,45079,0,0,0,0,2.31,0,0,0,0,0,0
2023,45080,0,25,0,0,0,0,0,0,0,0,0
2023,45081,0,0,0,0,0,0,0,0,0,0,0
2023,45082,30,0,0,0,2.31,0,0,0,0,0,0
2023,45083,0,0,0,0,0,0,5,5,0,0,0
2023,45084,0,0,0,0,0,0,0,0,0,0,0
2023,45085,0,0,3,3,0,0,11,11,0,0,0
2023,45086,0,0,3,3,0,0,6,6,0,0,0
2023,45087,30,30,3,3,0,0,6,6,0,0,0
2023,45088,0,0,3,3,0,0,0,0,0,0,0
2023,45089,0,0,3,3,2.31,0,11,11,0,0,0
2023,45090,0,0,0,0,0,0,6,6,0,0,0
2023,45091,0,0,0,0,0,0,6,6,0,0,0
2023,45092,0,0,0,0,0,0,6,6,0,0,0
2023,45093,0,30,20,20,5,0,6,6,0,0,0
2023,45094,0,0,0,0,0,0,8,8,0,0,0
2023,45095,0,0,0,0,0,0,4,4,0,0,0
2023,45096,0,0,0,0,0,0,6,6,0,0,0
2023,45097,0,0,0,0,0,0,0,0,0,0,0
2023,45098,0,0,0,0,0,0,0,0,0,0,0
2023,45099,0,0,0,0,0,0,0,0,0,0,0
2023,45100,0,0,0,0,0,0,0,0,0,0,0
2023,45101,0,0,0,0,0,0,0,0,0,0,0
2023,45102,0,0,0,0,0,0,0,0,0,0,0
2023,45103,0,0,0,0,0,0,0,0,0,0,0
2023,45104,0,0,0,0,0,0,0,0,0,0,0
2023,45105,0,0,0,10,0,0,0,0,0,0,0
2023,45106,0,0,0,15,0,0,0,0,0,0,0
2023,45107,0,0,0,0,0,0,0,0,0,0,0
2023,45108,0,0,0,0,0,0,0,0,0,0,0
2023,45109,0,0,0,0,0,0,0,0,0,0,0
2023,45110,0,0,0,0,0,0,0,0,0,0,0
2023,45111,0,0,10,0,0,0,0,0,0,0,0
2023,45112,0,0,0,0,0,0,0,0,0,0,0
2023,45113,0,0,0,0,0,0,0,0,0,0,0
2023,45114,0,0,0,0,0,0,14,0,0,0,0
2023,45115,0,0,0,0,0,0,0,0,0,0,0
2023,45116,0,0,0,0,0,0,0,0,0,0,0
2023,45117,0,0,0,0,0,0,0,0,0,0,0
2023,45118,0,0,0,0,0,0,0,0,0,0,0
2023,45119,0,0,0,0,0,0,0,0,0,0,0
2023,45120,0,0,0,0,0,4,0,0,0,0,0
2023,45121,0,0,15,0,0,4,21,0,0,0,0
2023,45122,0,0,0,0,0,0,0,0,0,0,0
2023,45123,0,0,0,0,0,0,0,0,0,0,0
2023,45124,0,0,0,0,0,4,0,0,0,0,0
2023,45125,0,0,15,0,0,0,0,0,0,0,0
2023,45126,0,0,0,0,0,0,0,0,0,0,0
2023,45127,0,0,0,0,0,10,0,0,0,0,0
2023,45128,0,0,0,0,0,0,0,0,0,0,0
2023,45129,0,0,0,0,0,0,0,0,0,0,0
2023,45130,0,0,0,0,0,0,0,0,0,0,0
2023,45131,0,0,0,0,0,0,0,0,0,0,0
2023,45132,0,0,0,0,0,0,0,0,0,0,0
2023,45133,0,0,0,0,0,0,0,0,0,0,0
2023,45134,0,0,0,0,0,0,0,0,0,0,0
2023,45135,0,0,0,0,0,0,0,0,0,0,0
2023,45136,0,0,0,0,0,0,0,0,0,0,0
2023,45137,0,0,0,0,0,0,0,0,0,0,0
2023,45138,0,0,0,0,0,0,0,0,0,0,0
2023,45139,0,0,0,0,0,0,0,0,0,0,0
2023,45140,0,0,0,0,0,0,0,0,0,0,0
2023,45141,0,0,0,0,0,0,0,0,0,0,0
2023,45142,0,0,0,0,0,0,0,0,0,0,0
2023,45143,0,0,0,0,0,0,0,0,0,0,0
2023,45144,0,0,0,0,0,0,0,0,0,0,0
2023,45145,0,0,0,0,0,0,0,0,0,0,0
2023,45146,0,0,0,0,0,0,0,0,0,0,0
2023,45147,0,0,0,0,0,0,0,0,0,0,0
2023,45148,0,0,0,0,0,0,0,0,0,0,0
2023,45149,0,0,0,0,0,0,0,0,0,0,0
2023,45150,0,0,0,0,0,0,0,0,0,0,0
2023,45151,0,0,0,0,0,0,0,0,0,0,0
2023,45152,0,0,0,0,0,0,0,0,0,0,0
2023,45153,0,0,0,0,0,0,0,0,0,0,0
2023,45154,0,0,0,0,0,5,0,0,0,0,0
2023,45155,0,0,0,0,0,0,0,0,0,0,0
2023,45156,0,0,15,0,0,5,0,0,0,0,0
2023,45157,0,0,0,0,0,0,0,0,0,0,0
2023,45158,0,0,0,0,0,0,0,0,0,0,0
2023,45159,0,0,15,9,0,0,12,0,0,0,0
2023,45160,0,0,0,7,0,5,0,0,0,0,0
2023,45161,0,0,0,0,0,0,0,0,0,0,0
2023,45162,0,0,0,0,0,0,0,0,0,0,0
2023,45163,0,0,0,0,0,0,0,0,0,0,0
2023,45164,0,0,0,0,0,0,0,0,0,0,0
2023,45165,0,0,0,0,0,0,0,0,0,0,0
2023,45166,0,0,0,0,0,0,0,0,0,0,0
2023,45167,0,0,0,0,0,0,0,0,0,0,0
2023,45168,0,0,0,0,0,0,0,0,0,0,0
2023,45169,0,0,0,0,0,0,0,0,0,0,0
2023,45170,0,0,0,0,0,0,0,0,0,0,0
2023,45171,0,0,0,0,0,0,0,0,0,0,0
2023,45172,0,0,0,0,0,0,0,0,0,0,0
2023,45173,0,0,0,0,0,0,0,0,0,0,0
2023,45174,0,0,0,0,0,0,0,0,0,0,0
2023,45175,0,0,0,0,0,0,0,0,0,0,0
2023,45176,0,0,0,0,0,0,0,0,0,0,0
2023,45177,0,0,0,0,0,0,0,0,0,0,0
2023,45178,0,0,0,0,0,0,0,0,0,0,0
2023,45179,0,0,0,0,0,0,0,0,0,0,0
2023,45180,0,0,0,0,0,0,0,0,0,0,0
2023,45181,0,0,0,0,0,0,0,0,0,0,0
2023,45182,0,0,0,0,0,0,0,0,0,0,0
2023,45183,0,0,0,0,0,0,0,0,0,0,0
2023,45184,0,0,0,0,0,5,0,0,0,0,0
2023,45185,0,0,0,0,0,0,0,0,0,0,0
2023,45186,0,0,0,0,0,0,0,0,0,0,0
2023,45187,0,0,0,0,0,0,0,0,0,0,0
2023,45188,0,0,0,0,0,0,0,0,0,0,0
2023,45189,0,0,0,0,0,0,0,0,0,0,0
2023,45190,0,0,0,0,0,0,0,0,0,0,0
2023,45191,0,0,0,0,0,0,0,0,0,0,0
2023,45192,0,0,0,0,0,0,0,0,0,0,0
2023,45193,0,0,0,0,0,0,0,0,0,0,0
2023,45194,0,0,0,0,0,0,0,0,0,0,0
2023,45195,0,0,0,0,0,0,0,0,0,0,0
2023,45196,0,0,0,0,0,0,0,0,0,0,0
2023,45197,0,0,0,0,0,0,0,0,0,0,0
2023,45198,0,0,0,0,0,0,0,0,0,0,0
2023,45199,0,0,0,0,0,0,0,0,0,0,0
2023,45200,0,0,0,0,0,0,0,0,0,0,0
2023,45201,0,0,0,0,0,0,0,0,0,0,0
2023,45202,0,0,0,0,0,0,0,0,0,0,0
2023,45203,0,0,0,0,0,0,0,0,0,0,0
2023,45204,0,0,0,0,0,0,0,0,0,0,0
2023,45205,0,0,0,0,0,0,0,0,0,0,0
2023,45206,0,0,0,0,0,0,0,0,0,0,0
2023,45207,0,0,0,0,0,0,0,0,0,0,0
2023,45208,0,0,0,0,0,0,0,0,0,0,0
2023,45209,0,0,0,0,0,0,0,0,0,0,0
2023,45210,0,0,0,0,0,0,0,0,0,0,0
2023,45211,0,0,0,0,0,0,0,0,0,0,0
2023,45212,0,0,0,0,0,0,0,0,0,0,0
2023,45213,0,0,0,0,0,0,0,0,0,0,0
2023,45214,0,0,0,0,0,0,0,0,0,0,0
