year,Date,C55D7C,C535CA,C54762,2F71D1,012384F3720B710DEE,C54986,C58157,C562C6,C535C9,C54992
2021,44287,,,,0,,,,,,
2021,44288,,,,0,,,,,,
2021,44289,,,,0,,,,,,
2021,44290,,,,0,,,,,,
2021,44291,,,,2.19,,,,,,
2021,44292,0,0,0,7.33,,,,,,
2021,44293,0,0,0,1.3,,,,,,
2021,44294,0,0,0,0,,,,,,
2021,44295,0,0,0,0.03,,,,,,
2021,44296,0,0,0,10.49,,,,,,
2021,44297,1.6,0.4,0.6,0.88,,,,,,
2021,44298,0,0,0,1.43,,,,,,
2021,44299,0,0,0,0,,,,,,
2021,44300,0,0,0,0,,,,,,
2021,44301,0,0,0,0,,,,,,
2021,44302,0,0,0,0,,,,,,
2021,44303,0,0,0,0,,,,,,
2021,44304,0,0,0,0,,,,,,
2021,44305,0,0,0,0.35,,,,,,
2021,44306,0,0,0,0,,,,,,
2021,44307,0,0,0,0,,,,,,
2021,44308,0,0,0,0,,,,,,
2021,44309,0,0,0,0,,,,,,
2021,44310,0,0,0,0,,,,,,
2021,44311,0,0,0,0,,,,,,
2021,44312,0,0,0,0,,,,,,
2021,44313,0,0,0,0,,,,,,
2021,44314,0,0,0,0,,,,,,
2021,44315,0,0,0,1.04,,,,,,
2021,44316,0,0,0,0.23,,,,,,
2021,44317,0,0,0,0,0,,0,,,
2021,44318,0,0,0,0,0.5,,0,,,
2021,44319,0,0,0,0,0.13,,0,,,
2021,44320,0,0,0,13.81,3.9,,6.85,,,
2021,44321,0,0,0,3.59,1.04,,2.17,,,
2021,44322,0,0,0,2.24,0.71,,1.66,,,
2021,44323,0,0,0,0.37,0,,0.05,,,
2021,44324,0,0,0,0.72,2.2,,0.44,,,
2021,44325,0,0,0,1.19,0,,0.08,,,
2021,44326,0,0,0,0.22,3.8,,0.66,,,
2021,44327,0.6,0,1,2.99,4,,0.83,,,
2021,44328,0,0,0,3.67,0,,0.09,,,
2021,44329,0,0,0,0,2,,0,,,
2021,44330,2.2,0,2,2.62,4.2,,4.32,,,
2021,44331,4.4,0,5.6,4.36,2,,2.94,,,
2021,44332,1.2,0,1,6.37,3.6,,2.13,,,
2021,44333,2,2.2,2.6,5.83,16.4,,3.53,,,
2021,44334,3,2.8,2.6,3.51,0.2,,17.71,,,
2021,44335,7,7.4,6.8,0,3.6,,3.2,,,
2021,44336,1.6,0.8,0.6,0.03,0,,0,,,
2021,44337,0,0,0,2.51,1.8,,2.04,,,
2021,44338,2.4,2.6,2.8,11.2,11,,5.76,,,
2021,44339,1.8,1.8,2,0.03,0.6,,2.89,,,
2021,44340,4,5.2,5.4,5.85,6.6,,8.48,,,
2021,44341,5,5.6,5.8,21.68,3.6,,12.32,,,
2021,44342,2.4,2.4,1.4,0,0,,0.07,,,
2021,44343,0,0,0,0,0,,0,,,
2021,44344,0,0,0,0,0,,0,,,
2021,44345,0,0,0,0,0,,0.01,,,
2021,44346,0,0,0,0,0,,0,,,
2021,44347,0,0,0,0,0,,0,,,
2021,44348,0,0,0,0,0,,0,,,
2021,44349,0,0,0,5.09,0,,0.2,,,
2021,44350,8.2,10,5.8,0,0,,0.8,,,
2021,44351,0.4,0.6,0.8,20.2,14,,6.6,,,
2021,44352,0,0,0,0,3.6,,0.4,,,
2021,44353,0,0,0,0,0,,0,,,
2021,44354,0,0,0,0,0,,0,,,
2021,44355,0,0,0,0,0,,0,,,
2021,44356,0,0,0,0,0,,0,,,
2021,44357,0,0,0,0.39,0,,0,,,
2021,44358,0,0,0,0.4,0,,0,,,
2021,44359,0,0,0,0.86,0,,0,,,
2021,44360,0,0,0,0.37,0,,0,,,
2021,44361,0,30.6,0,0,0,,0,,,
2021,44362,0,0,0,0,0,,0,,,
2021,44363,14.4,0,0,0,0,,0,,,
2021,44364,17,0,43.6,0.03,7.2,,0,,,
2021,44365,0,0,0,16.49,10.8,,12,,,
2021,44366,1,1,1.8,3.5,2.4,,1.2,,,
2021,44367,13.2,14.2,10,0.46,6.4,,2.8,,,
2021,44368,18,17.8,19.6,21.73,14.8,,21,,,
2021,44369,8,7.2,7.4,5.7,5.4,,6.2,,,
2021,44370,0.8,0.6,0.6,0.03,0.2,,0.8,,,
2021,44371,0,0,0,0,0,,0,,,
2021,44372,0,0,0,1.28,6.4,,1.2,,,
2021,44373,0,0,0,0,3,,0.2,,,
2021,44374,9.4,10.8,9.4,25.4,0.6,,0,,,
2021,44375,4.8,12.8,6,0,0.2,,0,,,
2021,44376,40,15.6,32,5.9,1.2,,0,,,
2021,44377,15.2,45.2,14.4,20.47,12,,27,,,
2021,44378,1.6,1.2,1.4,0,0.8,,1,,,
2021,44379,0,0,0,0,0,,0,,,
2021,44380,3.2,4.2,2.6,2.46,0.6,,17.6,,,
2021,44381,8.6,13,8.4,6.93,10.8,,8.8,,,
2021,44382,6.4,4.68,6.4,5.21,8.6,,4,,,
2021,44383,0.4,0.17,0.4,2.02,2.4,,3.6,,,
2021,44384,0,7,0,0.1,0,,0.2,,,
2021,44385,5,4,5.4,0,0,,0,,,
2021,44386,0,0,0,0,0,,0,,,
2021,44387,4.6,0,4.2,14.96,5.2,,12.6,,,
2021,44388,0,4.8,0,0.06,0.2,,0.2,,,
2021,44389,0,0,0,2.7,0,,0,,,
2021,44390,10.4,0,9.6,2.15,0,,5.4,,,
2021,44391,20,24.52,19.8,1.43,0,,1.6,,,
2021,44392,40.2,36.4,38.6,37.93,0,,73.2,,,
2021,44393,3.8,3.91,3.6,0.1,0.2,,0,,,
2021,44394,0,0.12,0,0,0,,0,,,
2021,44395,0,0,0,0,0,,0,,,
2021,44396,0,0,0,0,0,,0,,,
2021,44397,0,0,0,0,0,,0,,,
2021,44398,0,74,0,0,0,,0,,,
2021,44399,0,0,0,0,0,,0,,,
2021,44400,0,0,0,0,0,,0,,,
2021,44401,0,6.6,7,5.1,0,,6.8,,,
2021,44402,0,0.43,0.4,0.4,3.4,,5.6,,,
2021,44403,2,2.39,1.2,10.99,10.4,,6.2,,,
2021,44404,4.2,6,3.6,10.95,8.8,,4.4,,,
2021,44405,0.8,0.84,0.4,0.47,1.6,,1.8,,,
2021,44406,0.4,0.03,0.2,0,0,,0.2,,,
2021,44407,0,0,0,1.85,3.4,,2,,,
2021,44408,0,0.04,0,5.61,0.2,,2,,,
2021,44409,5.8,8.81,5.2,8.67,5.8,,10.4,,,
2021,44410,1,16.4,1.2,0.49,3.8,,7.2,,,
2021,44411,5.6,0,5.8,2.62,2.8,,6.4,,,
2021,44412,0,0.08,0,1.88,24.6,,1.2,,,
2021,44413,0,0,0,0,0.6,,0,,,
2021,44414,2.4,6.44,2.6,5.91,12,,5.6,,,
2021,44415,9,5.3,7.4,3.72,6.6,,14,,,
2021,44416,0.4,0.44,0.2,1.31,2,,1.6,,,
2021,44417,10,19.2,10.4,7.68,1.8,,3,,,
2021,44418,4.8,6.01,4.2,1.01,5.2,,10.4,,,
2021,44419,0,17,0.2,0.03,0,,0.2,,,
2021,44420,0,0,0,0,0,,0,,,
2021,44421,0,0,0,0,0,,0,,,
2021,44422,0,0.04,0,0,0,,0,,,
2021,44423,0,0,0,0.03,0,,0,,,
2021,44424,4.6,5.07,3.4,3.84,3.6,,3.2,,,
2021,44425,5.4,4.59,4.8,4.34,1.8,,3.6,,,
2021,44426,2.2,12.2,3,0.48,0.4,,0.8,,,
2021,44427,0,0,0,0,0,,0,,,
2021,44428,0.4,0.2,0.48,0.63,0,,2.6,,,
2021,44429,1,1.2,0,24.71,15.2,,7.8,,,
2021,44430,8.6,8.2,0,6.67,2.8,,5.2,,,
2021,44431,2.2,2,0,0.75,0.4,,3.6,,,
2021,44432,0,0,0,0,0,,0,,,
2021,44433,0,0,0,0.03,0,,0,,,
2021,44434,0.4,0.4,0.2,0.4,0.6,,0.6,,,
2021,44435,0.6,0.6,1.8,0,0.4,,0.2,,,
2021,44436,1.6,2.6,0,0.92,1.4,,1.6,,,
2021,44437,4.4,5,0,0.17,0.2,,0.4,,,
2021,44438,4.4,5.2,1,0,0.6,,0,,,
2021,44439,0,0.2,0,0,0,,0,,,
2021,44440,0,0,0,0,0,,0,,,
2021,44441,0,0,0.04,0,0,,0,,,
2021,44442,0,0,0.04,0,0,,0,,,
2021,44443,0,0,0.06,0,0,,0,,,
2021,44444,0,0,,0,,,0,,,
2021,44445,0,0,0.4,0,0.03,,0,,,
2021,44446,0,0,0.05,0,0,,0,,,
2021,44447,0,0,0,0,0,,0,,,
2021,44448,0,0,0,0.61,16.55,,0.2,,,
2021,44449,9,0,0,1.73,0.19,,5.8,,,
2021,44450,0.2,0.35,0.44,0.33,0.89,,1.8,,,
2021,44451,0,0.02,0,0,0.2,,0,,,
2021,44452,0,0.1,0,1.7,0.03,,0,,,
2021,44453,0,0.02,0,0,0.05,,0.2,,,
2021,44454,4.8,5.8,0,0.56,0.09,,11,,,
2021,44455,0,0.02,0,0,0.17,,0,,,
2021,44456,0,0,0,0,0.28,,0,,,
2021,44457,0,0.13,0,0,0.05,,0,,,
2021,44458,0,0.02,0,0.03,0,,0,,,
2021,44459,0,0,0,0,0.69,,0,,,
2021,44460,0,0,0,0,0,,0,,,
2021,44461,0,0.02,0,1.08,0,,0,,,
2021,44462,0,0,0,2.35,0,,0,,,
2021,44463,0,0,0,2.08,0,,0,,,
2021,44464,0,0,0,0,0.2,,0,,,
2021,44465,0.2,0,0,0.25,1.11,,0.4,,,
2021,44466,0,0,0,2.1,3.69,,0.8,,,
2021,44467,0,0,0,0,0,,0,,,
2021,44468,4,3.58,0,7.7,6.52,,2.6,,,
2021,44469,0,0,0,0,0.51,,0,,,
2021,44470,0,1.97,0,4.67,7.58,,2.4,,,
2021,44471,2.27,2.54,0,4.24,5.1,,3.6,,,
2021,44472,10.49,10.08,0,26.6,28.84,,34.8,,,
2021,44473,0,0,0,0.08,1.76,,0,,,
2021,44474,2.45,2.79,0,4.13,6.75,,5.03,,,
2021,44475,3.3,4.08,0,7.44,8.57,,4.7,,,
2021,44476,0,0.1,0,2.09,0.14,,2.01,,,
2021,44477,0,0.01,0,0,0.11,,0.19,,,
2021,44478,0,0.06,0,0,0,,0.08,,,
2021,44479,0,0,0,0.29,0.37,,0.7,,,
2021,44480,0.36,0.27,0,0.17,0.03,,0.97,,,
2021,44481,0,3.64,0,4.44,0.49,,4.8,,,
2021,44482,0,0.11,0,0.03,0.2,,0.05,,,
2021,44483,0.23,0.25,0.21,0,0,,0.01,,,
2021,44484,0.59,0,0,1.21,0.95,,1.13,,,
2021,44485,0.21,0.21,0,0,0.04,,0.03,,,
2021,44486,0,0,0,0,0,,0,,,
2021,44487,0,0,0,0,0,,0,,,
2021,44488,1.86,1.74,0,3.7,0.84,,1.09,,,
2021,44489,8.6,7.78,0,4.71,7.78,,3.37,,,
2021,44490,9.93,8.28,0,9.23,6.91,,9.23,,,
2021,44491,1.89,2.54,0,3.28,0.7,,1.02,,,
2021,44492,0,0,0,0,0.06,,0,,,
2021,44493,0.05,0.04,0,0.01,0,,0.1,,,
2021,44494,0,0,0,1.24,3.2,,0.12,,,
2021,44495,0,0,0,0.02,0.11,,0.02,,,
2021,44496,0,0,0,0.01,0.04,,0,,,
2021,44497,0,0,0,0,0,,0,,,
2021,44498,0.34,0,0,0.34,1.42,,1.47,,,
2021,44499,4.2,4.04,0,6.77,12.28,,4.92,,,
2021,44500,11.78,11.78,0,9.71,7.04,,12.97,,,
2021,44501,,,0,,,,,,,
2021,44502,,0,0,,,,,,,
2021,44503,,,0,,,,,,,
2021,44504,,,0,,,,,,,
2021,44505,,0,0,,,,,,,
2021,44506,,0,0,,,,,,,
2021,44507,,,0,,,,,,,
2021,44508,,,0,,,,,,,
2021,44509,,,0,,,,,,,
2021,44510,,,0,,,,,,,
2021,44511,,,,,,,,,,
2021,44512,,,,,,,,,,
2021,44513,,0,0,,,,,,,
2021,44514,,,0,,,,,,,
2021,44515,,,,,,,,,,
2021,44516,,,0,,,,,,,
2021,44517,,0,,,,,,,,
2021,44518,,,0,,,,,,,
2021,44519,0,0,0,,,,,,,
2021,44520,0,0,0,,,,,,,
2021,44521,0,0,0,,,,,,,
2021,44522,0,0,0,,,,,,,
2021,44523,0,0,0,,,,,,,
2021,44524,0,0,0,,,,,,,
2021,44525,0,,0,,,,,,,
2021,44526,0,,0,,,,,,,
2021,44527,0,0,0,,,,,,,
2021,44528,0,,0,,,,,,,
2021,44529,0,0,0,,,,,,,
2021,44530,0,0,0,,,,,,,
2021,44531,0,,0,,,,,,,
2021,44532,,,0,,,,,,,
2021,44533,0,,0,,,,,,,
2021,44534,0,,0,,,,,,,
2021,44535,0,,0,,,,,,,
2021,44536,,,0,,,,,,,
2021,44537,0,0,0,,,,,,,
2021,44538,0,,0,,,,,,,
2021,44539,0,,0,,,,,,,
2021,44540,0,,0,,,,,,,
2021,44541,,,0,,,,,,,
2021,44542,,,0,,,,,,,
2021,44543,,,0,,,,,,,
2021,44544,0,0,0,,,,,,,
2021,44545,0,0,0,,,,,,,
2021,44546,0,0,0,,,,,,,
2021,44547,0,0,0,,,,,,,
2021,44548,0,0,0,,,,,,,
2021,44549,0,0,0,,,,,,,
2021,44550,0,0,0,,,,,,,
2021,44551,0,0,0,,,,,,,
2021,44552,0,0,0,,,,,,,
2021,44553,0,0,0,,,,,,,
2021,44554,0,0,,,,,,,,
2021,44555,0,0,,,,,,,,
2021,44556,0,0,,,,,,,,
2021,44557,0,0,,,,,,,,
2021,44558,0,0,,,,,,,,
2021,44559,0,0,,,,,,,,
2021,44560,0,0,,,,,,,,
2021,44561,0,0,,,,,,,,
2022,44562,0,0,,,,,,,,
2022,44563,0,0,,,,,,,,
2022,44564,0,0,,,,,,,,
2022,44565,0,0,,,,,,,,
2022,44566,0,0,,,,,,,,
2022,44567,0,0,,,,,,,,
2022,44568,0,0,,,,,,,,
2022,44569,0,0,,,,,,,,
2022,44570,0,0,,,,,,,,
2022,44571,0,0,,,,,,,,
2022,44572,0,0,,,,,,,,
2022,44573,0,0,,,,,,,,
2022,44574,0,0,,,,,,,,
2022,44575,0,0,,,,,,,,
2022,44576,0,0,,,,,,,,
2022,44577,0,0,,,,,,,,
2022,44578,0,0,,,,,,,,
2022,44579,0,0,,,,,,,,
2022,44580,0,0,,,,,,,,
2022,44581,0,0,,,,,,,,
2022,44582,0,0,,,,,,,,
2022,44583,0,0,,,,,,,,
2022,44584,0,0,,,,,,,,
2022,44585,0,0,,,,,,,,
2022,44586,0,0,,,,,,,,
2022,44587,0,0,,,,,,,,
2022,44588,0,0,,,,,,,,
2022,44589,0,0,,,,,,,,
2022,44590,0,0,,,,,,,,
2022,44591,0,0,,,,,,,,
2022,44592,0,0,,,,,,,,
2022,44593,0,0,,,,,,,,
2022,44594,0,0,,,,,,,,
2022,44595,0,0,,,,,,,,
2022,44596,0,0,,,,,,,,
2022,44597,0,0,,,,,,,,
2022,44598,0,0,,,,,,,,
2022,44599,0,0,,,,,,,,
2022,44600,0,0,,,,,,,,
2022,44601,0,0,,,,,,,,
2022,44602,0,0,,,,,,,,
2022,44603,0,0,,,,,,,,
2022,44604,0,0,,,,,,,,
2022,44605,0,0,,,,,,,,
2022,44606,0,0,,,,,,,,
2022,44607,0,0,,,,,,,,
2022,44608,0,0,,,,,,,,
2022,44609,0,0,,,,,,,,
2022,44610,0,0,,,,,,,,
2022,44611,0,0,,,,,,,,
2022,44612,0,0,,,,,,,,
2022,44613,0,0,,,,,,,,
2022,44614,0,0,,,,,,,,
2022,44615,0,0,,,,,,,,
2022,44616,0,0,,,,,,,,
2022,44617,0,0,,,,,,,,
2022,44618,0,0,,,,,,,,
2022,44619,0,0,,,,,,,,
2022,44620,0,0,,,,,,,,
2022,44621,0,0,,,,,,,,
2022,44622,0,0,,,,,,,,
2022,44623,0,0,,,,,,,,
2022,44624,0,0,,,,,,,,
2022,44625,0,0,,,,,,,,
2022,44626,0,0,,,,,,,,
2022,44627,0,0,,,,,,,,
2022,44628,0,0,,,,,,,,
2022,44629,0,0,,,,,,,,
2022,44630,0,0,,,,,,,,
2022,44631,0,,,,,,,,,
2022,44632,0,0,,,,,,,,
2022,44633,0,0,,,,,,,,
2022,44634,0,0,,,,,,,,
2022,44635,0,0,,,,,,,,
2022,44636,0,0,,,,,,,,
2022,44637,0,0,,,,,,,,
2022,44638,0,0,,,,,,,,
2022,44639,0,0,,,,,,,,
2022,44640,,,,,,,,,,
2022,44641,0,0,,,,,,,,
2022,44642,0,0,,,,,,,,
2022,44643,0,0,,,,,,,,
2022,44644,0,0,,,,,,,,
2022,44645,,,,,,,,,,
2022,44646,,,,,,,,,,
2022,44647,,,,,,,,,,
2022,44648,,,,,,,,,,
2022,44649,,,,,,,,,,
2022,44650,,,,,,,,,,
2022,44651,,,,,,,,,,
2022,44652,,,,,,2.83,2.94,,,
2022,44653,,,,,,0,0.44,,,
2022,44654,,,,,,0,0.06,,,
2022,44655,,,,,,4.54,3.06,,,
2022,44656,,,,,,9.77,8.12,,,
2022,44657,,,,,,3.11,1.86,,,
2022,44658,,0,,,,13.42,14.46,,,
2022,44659,,,,,,,,,,
2022,44660,,,,,,0.02,0,,,
2022,44661,,,,,,,,,,
2022,44662,,,,,,,,,,
2022,44663,,,,,,,,,,
2022,44664,,,,,,0.04,2.78,,,
2022,44665,,,,,,,,,,
2022,44666,,,,,,,,,,
2022,44667,,,,,,,,,,
2022,44668,,,,,,,,,,
2022,44669,,,,,,,,,,
2022,44670,,,,,,,,,,
2022,44671,,,,,,,,,,
2022,44672,,,,,,,,,,
2022,44673,,,,,,,,,,
2022,44674,,,,,,,,,,
2022,44675,,,,,,,,,,
2022,44676,,,,,,9.22,17.14,,,
2022,44677,,,,,,,,,,
2022,44678,,,,,,,,,,
2022,44679,,,,,,,,,,
2022,44680,,,,,,,,,,
2022,44681,,,,,,,,,,
2022,44682,0,0,,0,,0,0,,,
2022,44683,0,0,,0,,0,0,,,
2022,44684,0,0,,0,,0,0,,,
2022,44685,0,0,,0.18,,0,0,,,
2022,44686,0,0,,1.46,,2,0,,,
2022,44687,0,0,,0.33,,0,0,,,
2022,44688,0,0,,0.26,,0,0,,,
2022,44689,0,0,,0,,0,0,,,
2022,44690,0,0,,0.03,,0,0,,,
2022,44691,12,0,,0.23,,0,0,,,
2022,44692,9,0,,0.13,,0,0,,,
2022,44693,1.8,0,,0,,0,0.4,,,
2022,44694,0,0,,0,,0,0,,,
2022,44695,0,0,,0.48,,0,0,,,
2022,44696,0,0,,0.3,,0,0,,,
2022,44697,0,0,,0.51,,0,0,,,
2022,44698,0,0,,0.42,,0.01,0,,,
2022,44699,0,0,,0.06,,1,0,,,
2022,44700,6.6,0.4,,16.3,,13,2,,,
2022,44701,9.2,7.6,,5.12,,6,6.5,,,
2022,44702,0,0,,0,,0,5,,,
2022,44703,0,0,,0,,0,0,,,
2022,44704,3.2,5,,9.62,,7,17,,,
2022,44705,2.8,0.6,,4.84,,4,0,,,
2022,44706,0,0,,0,,0,5,,,
2022,44707,0,0,,0,,0,0,,,
2022,44708,0.8,0.8,,1.04,,0,4,,,
2022,44709,0,0,,0,,0,0,,,
2022,44710,0.2,1.8,,3.22,,2,0,,,
2022,44711,0,0,,0,,0,0.5,,,
2022,44712,0.2,0.4,,0,,1,0,,,
2022,44713,0.2,0,,0,,0,0,,,
2022,44714,41.4,0,,0.41,,0,0,,,
2022,44715,0,0,,0.03,,0,0,,,
2022,44716,0,0.6,,2.36,,0,3.5,,,
2022,44717,25.8,16.7,,14.29,,40,27,,,
2022,44718,0.6,0,,0,,0,3.5,,,
2022,44719,1.6,0.2,,0.09,,1,3.5,,,
2022,44720,11.2,12.2,,10.52,,12,13,,,
2022,44721,0.4,0,,0,,0.12,0,,,
2022,44722,0,0,,0,,0,0,,,
2022,44723,0,0,,0.29,,0,0,,,
2022,44724,0,0,,0,,0.03,0,,,
2022,44725,0,0.2,,0,,0,0,,,
2022,44726,0,0,,0.03,,0.06,0,,,
2022,44727,0,0,,0.06,,0,0,,,
2022,44728,0,0,,0.12,,0.09,0,,,
2022,44729,0,0,,0,,0,0,,,
2022,44730,0,0,,0,,0.01,0,,,
2022,44731,0.8,0.2,,1.32,,2.6,2.5,,,
2022,44732,2.4,0.2,,0.03,,0.29,0,,,
2022,44733,0,0,,0,,0,0,,,
2022,44734,0.08,0,,0,,0,0,,,
2022,44735,0.04,0,,0,,0.05,13,,,
2022,44736,7.4,44.7,,46.75,,5.8,7,,,
2022,44737,0.09,3.9,,4.69,,1.2,4.5,,,
2022,44738,5.28,0,,0,,0.02,0.5,,,
2022,44739,2.43,6.92,,7.18,,2.2,4.5,,,
2022,44740,0,0,,0,,,0,,,
2022,44741,0,0,,0,,0.02,0,,,
2022,44742,0,10.4,,12.76,,14,12,,,
2022,44743,0,0,,0,,0.26,0,,,
2022,44744,0.07,0,,0,,0.04,0,,,
2022,44745,0.1,0,,0,,0,0,,,
2022,44746,0.04,0,,0,,0.06,0,,,
2022,44747,0,0,,0,,0.03,0.23,,,
2022,44748,0.05,0,,0.21,,0,0.03,,,
2022,44749,1.35,0,,0,,0.29,0.97,,,
2022,44750,0,0,,0,,0.04,0,,,
2022,44751,0.71,0,,0,,0.01,0,,,
2022,44752,0.05,0.2,,0,,0,0.25,,,
2022,44753,0.02,0,,0,,0.02,0.04,,,
2022,44754,0.08,0,,0.71,,0,0,,,
2022,44755,0,0,,0.03,,0,0.9,,,
2022,44756,0,0,,0.49,,1.58,0.37,,,
2022,44757,0,0,,0.84,,0.01,0.2,,,
2022,44758,15.8,0,,0.45,,0,0.75,,,
2022,44759,0,0,,0.23,,0,0,,,
2022,44760,0,0,,0.56,,0.04,0.05,,,
2022,44761,0,0,,0.41,,0,0,,,
2022,44762,0,0.3,,2.37,,1,2.4,,,
2022,44763,7.2,13.9,,13.19,,2,6.8,,,
2022,44764,0,0.2,,0.75,,0,0.8,,,
2022,44765,0.4,0.5,,0,,0.02,0.2,,,
2022,44766,0,0,,0.41,,0.12,0.9,,,
2022,44767,0,0,,0,,0,0,,,
2022,44768,0,0.7,,0,,0.01,0.02,,,
2022,44769,1.4,0.5,,0.29,,0,1.12,,,
2022,44770,21,0,,0,,0,0,,,
2022,44771,1.6,0,,0.07,,0,0,,,
2022,44772,0,0.28,,0.26,,0,0.49,,,
2022,44773,0,0.14,,0.39,,0.39,0.1,,,
2022,44774,2,0.4,,0.33,,4.8,0.33,,,
2022,44775,0,0,,0,,0,0.06,,,
2022,44776,0,0,,0,,0,0,,,
2022,44777,1.6,0,,1.88,,0,4.5,,,
2022,44778,4.6,0,,0,,0,2.93,,,
2022,44779,0,0.33,,0,,0.16,0,,,
2022,44780,0,0,,0,,0,0,,,
2022,44781,0,0,,0,,0.04,0,,,
2022,44782,0,0,,0,,0,0,,,
2022,44783,28.6,0,,0,,0,0,,,
2022,44784,0,0,,0,,0,0,,,
2022,44785,0,0,,0,,0,0,,,
2022,44786,0,0,,0,,0.02,0,,,
2022,44787,0,0,,0,,0.04,0,,,
2022,44788,0,3.5,,2.67,,0.11,0.36,,,
2022,44789,8.2,0.0,,0.77,,0,0,,,
2022,44790,2.6,1.9,,3.59,,10.78,0,,,
2022,44791,0,0.1,,0,,0.07,4.6,,,
2022,44792,6.6,3.3,,0.92,,0.81,1.8,,,
2022,44793,6.8,0,,0,,0,0.07,,,
2022,44794,0,0,,0,,0.25,0,,,
2022,44795,0,0,,0,,0.28,0,,,
2022,44796,0,0,,0,,0.14,0,,,
2022,44797,0,0,,0,,0,0.04,,,
2022,44798,0,0,,0.02,,0.12,0,,,
2022,44799,36,0,,0,,2.17,0.04,,,
2022,44800,0.4,0,,0,,0,0,,,
2022,44801,0,0,,0,,0.13,0.03,,,
2022,44802,0,0,,0,,0.06,0,,,
2022,44803,0,0,,0,,0,0,,,
2022,44804,8,0,,0,,0,0,,,
2022,44805,0,0,,0,,0,0,,,
2022,44806,0,0,,0.02,,0,0,,,
2022,44807,0,0,,0.16,,0.06,0.14,,,
2022,44808,0,0,,0,,0,0.02,,,
2022,44809,0,20.6,,2.62,,4.38,0.92,,,
2022,44810,2.2,2.9,,6.58,,4.64,5,,,
2022,44811,13,0.3,,2.63,,0.13,2,,,
2022,44812,25.6,24.3,,25.48,,20.94,2,,,
2022,44813,19.2,0.3,,7.7,,2.61,9,,,
2022,44814,7.2,7.5,,0,,5.57,9,,,
2022,44815,0,0,,0,,0,0,,,
2022,44816,0,0,,0,,0,0,,,
2022,44817,3.2,0,,0.94,,1.09,11,,,
2022,44818,25.4,0,,9.47,,8.45,2,,,
2022,44819,0,0,,0.32,,0,4,,,
2022,44820,2.66,0,,4.35,,14.19,22,,,
2022,44821,5.54,17.75,,1.4,,16.55,19,,,
2022,44822,16.17,7.02,,1.38,,1.1,4,,,
2022,44823,0.4,0,,0.02,,0.14,1,,,
2022,44824,0.6,0,,0.01,,0.01,0,,,
2022,44825,0.4,0,,0,,0,0,,,
2022,44826,0.4,0,,0,,0.02,0.01,,,
2022,44827,0.92,1.24,,11,,3.76,0.89,,,
2022,44828,4.26,9.96,,6.27,,6.03,7.9,,,
2022,44829,0.43,0,,3.44,,0.93,0,,,
2022,44830,5.49,9.32,,12.6,,11.25,8.32,,,
2022,44831,8.98,15.27,,7.79,,10.34,14.23,,,
2022,44832,0.06,4.32,,3.05,,2.31,3.16,,,
2022,44833,0,0,,1.44,,1.77,0.03,,,
2022,44834,0.01,0.71,,5.95,,3.88,0.2,,,
2022,44835,12.99,5.63,,8.4,,7.53,10.07,,,
2022,44836,1.46,5.62,,12.77,,8.34,3.22,,,
2022,44837,0,0,,0.04,,0.1,0.02,,,
2022,44838,0.02,0,,0,,0.02,0.02,,,
2022,44839,0.19,0.08,,0.87,,0.79,0.41,,,
2022,44840,0.22,0,,0,,0,0.06,,,
2022,44841,0,0,,0,,0,0,,,
2022,44842,1.27,0.18,,0.28,,0.22,0.56,,,
2022,44843,0,0,,0,,0.09,0.01,,,
2022,44844,0,0,,0,,0.06,0,,,
2022,44845,0,0,,0,,0.08,0.05,,,
2022,44846,0.04,0,,0.13,,0.05,0.11,,,
2022,44847,2.43,2.52,,0.9,,0.53,0.97,,,
2022,44848,1.24,1.52,,0.8,,1.12,1.12,,,
2022,44849,0.96,0.72,,1.17,,0.61,0.35,,,
2022,44850,0.75,0.68,,0.15,,0.01,2.44,,,
2022,44851,1.53,4.54,,6.29,,8.41,5.85,,,
2022,44852,1.55,0.09,,0,,0.08,0.01,,,
2022,44853,0.03,0,,0,,0,0.02,,,
2022,44854,3.41,2.51,,9.05,,11.85,2.35,,,
2022,44855,2.37,0,,0.02,,0,0,,,
2022,44856,0,0,,0.11,,0.04,0,,,
2022,44857,0.52,5.32,,2.64,,0.5,1.96,,,
2022,44858,4.98,7.63,,4.98,,8.42,8.99,,,
2022,44859,0,0,,0,,0.29,0,,,
2022,44860,0,0,,0.03,,0,0.03,,,
2022,44861,,,,,,,,,,
2022,44862,,,,,,,,,,
2022,44863,,,,,,,,,,
2022,44864,,,,,,,,,,
2022,44865,0,0.12,,0.95,,0.52,0.26,,,
2023,44937,,,,,,,,,,
2023,44938,,,,,,,,,,
2023,44939,,,,,,,,,,
2023,44940,,,,,,,,,,
2023,44941,,,,,,,,,,
2023,44942,,,,,,,,,,
2023,44943,,,,,,,,,,
2023,44944,,,,,,,,,,
2023,44945,,,,,,,,,,
2023,44946,,,,,,,,,,
2023,44947,,,,,,,,,,
2023,44948,,,,,,,,,,
2023,44949,,,,,,,,,,
2023,44950,,,,,,,,,,
2023,44951,,,,,,,,,,
2023,44952,,0,,,,,,,,
2023,44953,,,,,,,,,,
2023,44954,,,,,,,,,,
2023,44955,,,,,,,,,,
2023,44956,,,,,,,,,,
2023,44957,,,,,,,,,,
2023,44958,,,,,,,,,,
2023,44959,,,,,,,,,,
2023,44960,,,,,,,,,,
2023,44961,,,,,,,,,,
2023,44962,,,,,,,,,,
2023,44963,,,,,,,,,,
2023,44964,,0,,,,,,,,
2023,44965,,0,,,,,,,,
2023,44966,,,,,,,,,,
2023,44967,,,,,,,,,,
2023,44968,,,,,,,,,,
2023,44969,,,,,,,,,,
2023,44970,,0,,,,,,,,
2023,44971,,0,,,,,,,,
2023,44972,,0,,,,,,,,
2023,44973,,0,,,,,,,,
2023,44974,,0,,,,,,,,
2023,44975,,0,,,,,,,,
2023,44976,,0,,,,,,,,
2023,44977,,0,,,,,,,,
2023,44978,,0,,,,,,,,
2023,44979,,0,,,,,,,,
2023,44980,,0,,,,,,,,
2023,44981,,0,,,,,,,,
2023,44982,,0,,,,,,,,
2023,44983,,0,,,,,,,,
2023,44984,,0,,,,,,,,
2023,44985,0,0,,,,,,,,
2023,44986,,0,,,,,,,,
2023,44987,,0,,,,,,,,
2023,44988,,0,,,,,,,,
2023,44989,,0,,,,,,,,
2023,44990,,0,,,,,,,,
2023,44991,,0,,,,,,,,
2023,44992,,0,,,,,,,,
2023,44993,,0,,,,,,,,
2023,44994,,0,,,,,,,,
2023,44995,,0,,,,,,,,
2023,44996,,0,,,,,,,,
2023,44997,,0,,,,,,,,
2023,44998,,0,,,,,,,,
2023,44999,,0,,,,,,,,
2023,45000,,0,,,,,,,,
2023,45001,,0,,,,,,,,
2023,45002,,0,,,,,,,,
2023,45003,,0,,,,,,,,
2023,45004,,0,,,,,,,,
2023,45005,,0,,,,,,,,
2023,45006,,0,,,,,,,,
2023,45007,,0.6,,,,,,,,
2023,45008,,,,,,,,,,
2023,45009,,0,,,,,,,,
2023,45010,,0,,,,,,,,
2023,45011,,0,,,,,,,,
2023,45012,,0,,,,,,,,
2023,45016,,0,,,,,,,,
2023,45017,,0,,,,,,,,
2023,45018,,0,,,,,,,,
2023,45019,,0,,,,,,,,
2023,45020,,0,,,,,,,,
2023,45021,,0,,,,,,,,
2023,45022,,0,,,,,,,,
2023,45023,,0,,,,,,,,
2023,45024,,0,,,,,,,,
2023,45025,,0,,,,,,,,
2023,45026,,0,,,,,,,,
2023,45027,,0,,,,,,,,
2023,45028,,0,,,,,,,,
2023,45029,,0,,,,,,,,
2023,45030,,0,,,,,,,,
2023,45031,,0,,,,,,,,
2023,45032,,0,,,,,,,,
2023,45033,0,0,,,,,,,,
2023,45034,0,0,,,,,,,,
2023,45035,0,0,,,,,,,,
2023,45036,0,0,,,,,,,,
2023,45037,4.5,0.4,,,,,,,,
2023,45038,2.5,,,,,,,,,
2023,45039,2.2,,,,,,,,,
2023,45040,16,,,,,,,,,
2023,45041,0,0,,,,,,,,
2023,45042,0,0,,,,,,,,
2023,45043,0,0,,,,,,,,
2023,45044,0,0,,,,,,,,
2023,45045,,0,,,,,,,,
2023,45046,0,0,,,,,,,,
2023,45047,0,0,,,,0.09,0,0.09,0.07,0.07
2023,45048,0,0,,,,0,0.26,0,0,0
2023,45049,0,0,,,,0,0,0,0,0
2023,45050,0,0.01,,,,4.37,0.35,4.37,0.09,0.09
2023,45051,7.8,4.45,,,,3.11,5.51,3.11,1.75,1.75
2023,45052,2.4,0.01,,,,0,0.01,0,0,0
2023,45053,0,2.5,,,,6.48,1.64,6.48,4.17,4.17
2023,45054,0,0,,,,0.03,0,0.03,0,0
2023,45055,14.8,19.24,,,,16.01,17.23,16.01,17.25,17.25
2023,45056,0.8,9.11,,,,1.18,15.18,1.18,1.18,1.18
2023,45057,0,3.32,,,,9.27,27.76,9.27,13.99,13.99
2023,45058,10.4,7.2,,,,10.49,15.28,10.49,6.41,6.41
2023,45059,0.6,1.66,,,,0,0,0,0,0
2023,45060,0,0,,,,0,0,0,0,0
2023,45061,0.6,2.82,,,,8.05,1.27,8.05,1.15,1.15
2023,45062,1.2,0,,,,0,0,0,0,0
2023,45063,0,0,,,,0,0,0,0,0
2023,45064,0,0,,,,0,0,0,0,0
2023,45065,0,0,,,,0,0,0,0,0
2023,45066,0,0,,,,0,0,0,0,0
2023,45067,0,0,,,,0,0,0,0,0
2023,45068,0,0,,,,0,0,0,0,0
2023,45069,0,0,,,,0,0,0,0,0
2023,45070,0,0,,,,0,0,0,0,0
2023,45071,0,39.6,,,,0,0.02,0,0,0
2023,45072,0,0,,,,0,0,0,0,0
2023,45073,0,0,,,,0,0.07,0,0,0
2023,45074,0,0,,,,0,0.01,0,0.03,0.03
2023,45075,0,0,,,,0,0,0,0,0
2023,45076,0,0,,,,0,0,0,0,0
2023,45077,0,0,,,,0,0,0,0.06,0.06
2023,45078,1.6,0,,,,0,0,0,0,0
2023,45079,0,0.2,,,,0,0.03,0,0,0
2023,45080,0,0,,,,0,0,0,0.03,0.03
2023,45081,19.8,0,,,,0,0,0,0,0
2023,45082,0,0,,,,0,0.03,0,0,0
2023,45083,0,0,,,,0,0,0,0,0
2023,45084,0.2,0,,,,0,1,0,0.05,0.05
2023,45085,0,0,,,,0,0,0,0,0
2023,45086,0,0.01,,,,0,0,0,0,0
2023,45087,0,0,,,,0,0,0,0,0
2023,45088,29,0,,,,1.4,0,1.4,0,0
2023,45089,0,0,,,,0,0,0,0,0
2023,45090,0,0,,,,0,0,0,0,0
2023,45091,0,0,,,,0,0,0,0,0
2023,45092,0,0,,,,0,0,0,0,0
2023,45093,0,0,,,,0,0,0,0,0
2023,45094,52,0,,,,0,0,0,0,0
2023,45095,0,2.26,,,,2.6,1,2.6,0.36,0.36
2023,45096,0,0,,,,0.2,0,0.2,0.03,0.03
2023,45097,3.2,9.63,,,,5.8,7,5.8,16.45,16.45
2023,45098,0.6,0.6,,,,0.2,0,0.2,0.13,0.13
2023,45099,3.4,116.2,,,,1,14,1,20.37,20.37
2023,45100,0.07,1,,,,0,0,0,0,0
2023,45101,0.12,0,,,,0,0,0,0,0
2023,45102,0.09,0,,,,0,0,0,0,0
2023,45103,0.04,0.4,,,,0,0,0,0,0
2023,45104,0.72,0.6,,,,0,1,0,0.9,0.9
2023,45105,0.44,0.2,,,,0,0,0,0.27,0.27
2023,45106,7,4.2,,,,0.2,3.5,0.2,0.57,0.57
2023,45107,0.22,0.2,,,,0.2,0,0.2,0,0
2023,45108,0.91,0.4,,,,4.6,1.5,4.6,3.16,3.16
2023,45109,0,0,,,,0,1,0,0,0
2023,45110,0.01,0.2,,,,0,0.5,0,0,0
2023,45111,0.07,0,,,,0.2,1,0.2,2.27,2.27
2023,45112,7.04,8.6,,,,8.8,0.5,8.8,15.98,15.98
2023,45113,0,0,,,,0,3,0,0,0
2023,45114,0,0,,,,0,1,0,0,0
2023,45115,0.32,0,,,,0,0,0,0.81,0.81
2023,45116,0.17,0.2,,,,0.2,6,0.2,2.76,2.76
2023,45117,0.02,0,,,,0,0,0,0,0
2023,45118,0,0,,,,0,4.5,0,0.99,0.99
2023,45119,2.65,0.8,,,,3,0,3,2.08,2.08
2023,45120,0.02,0.2,,,,0.8,0,0.8,1.15,1.15
2023,45121,0,0,,,,0,0,0,0,0
2023,45122,1.88,0.11,,,,3.4,0,3.4,4.95,4.95
2023,45123,5.54,0.05,,,,0,3,0,0.06,0.06
2023,45124,3.67,0.08,,,,1,0.5,1,4.78,4.78
2023,45125,0,0.04,,,,0,0,0,0,0
2023,45126,0.72,0.09,,,,0.4,3,0.4,0,0
2023,45127,0.77,45.8,,,,5.4,0,5.4,1.82,1.82
2023,45128,4.5,4,,,,0.4,0,0.4,2.9,2.9
2023,45129,0.45,0.4,,,,0.8,0,0.8,1.2,1.2
2023,45130,0,0,,,,10.2,28,10.2,17.71,17.71
2023,45131,15.5,19.2,,,,7.4,6,7.4,30.35,30.35
2023,45132,0,0,,,,0.8,1,0.8,0,0
2023,45133,0,0,,,,0,4,0,0.21,0.21
2023,45134,6.4,13.4,,,,18.2,0.5,18.2,16.9,16.9
2023,45135,2.03,0.8,,,,1,1,1,0.42,0.42
2023,45136,0.98,1.6,,,,4.2,2.5,4.2,5.29,5.29
2023,45137,3.51,4,,,,5.8,10,5.8,9.12,9.12
2023,45138,11.69,12.6,,,,23,12,23,10.89,10.89
2023,45139,5.56,10.2,,,,0,6,0,0.63,0.63
2023,45140,0,8.4,,,,12.8,16,12.8,19.48,19.48
2023,45141,3.8,11.8,,,,6.6,1,6.6,14.9,14.9
2023,45142,0.2,0.2,,,,2.6,3,2.6,0.13,0.13
2023,45143,0.8,1.4,,,,9.8,9,9.8,8,8
2023,45144,14.2,16.8,,,,14.4,16,14.4,25.73,25.73
2023,45145,0,0,,,,0,0,0,0,0
2023,45146,6.4,4.8,,,,4,10,4,4.07,4.07
2023,45147,3.6,4.4,,,,0.4,0,0.4,3.88,3.88
2023,45148,0,0,,,,0,0,0,0,0
2023,45149,1.2,1.2,,,,0,5,0,0.25,0.25
2023,45150,6.6,9.8,,,,8,1,8,9.89,9.89
2023,45151,0,0,,,,0.2,0,0.2,0,0
2023,45152,1.4,0.6,,,,0,0,0,0,0
2023,45153,0.2,0,,,,0,0,0,0,0
2023,45154,0,0,,,,0,0,0,0,0
2023,45155,0,0,,,,0,0,0,0,0
2023,45156,0,0,,,,0,0,0,0,0
2023,45157,1.4,1.6,,,,0,0,0,0,0
2023,45158,0,0.2,,,,0,0,0,0,0
2023,45159,0,0,,,,0,0,0,0,0
2023,45160,0,0,,,,0,0,0,0,0
2023,45161,0,0,,,,0,0,0,0,0
2023,45162,3.6,3.4,,,,19,1,19,8.4,8.4
2023,45163,15.4,25.4,,,,3.8,19,3.8,23.95,23.95
2023,45164,6,0,,,,0,5,0,0,0
2023,45165,3.4,4,,,,0,8,0,2.28,2.28
2023,45166,1.6,0,,,,0,1,0,2.37,2.37
2023,45167,0.4,0.6,,,,0,0,0,0,0
2023,45168,0.4,4.6,,,,9,5,9,6.92,6.92
2023,45169,0.4,0.6,,,,0,2,0,0.13,0.13
2023,45170,3,0.4,,,,28.6,28,28.6,13.67,13.67
2023,45171,2.2,0.06,,,,0,0,0,0.03,0.03
2023,45172,0.4,0,,,,0,0,0,0.03,0.03
2023,45173,0.2,0,,,,0,0,0,0,0
2023,45174,0.2,0,,,,0,0,0,0,0
2023,45175,0,0,,,,0,0,0,0,0
2023,45176,0,0,,,,0,0,0,0,0
2023,45177,0,0,,,,0,0,0,0,0
2023,45178,0,0,,,,0,0,0,0,0
2023,45179,0,0,,,,0,0,0,0,0
2023,45180,0,0,,,,3.6,8,3.6,0,0
2023,45181,0,0,,,,7.4,3,7.4,0.27,0.27
2023,45182,0,0.4,,,,0,0,0,1.7,1.7
2023,45183,0,0,,,,0,0,0,0,0
2023,45184,0,0,,,,0,0,0,0,0
2023,45185,0,0.15,,,,3.4,3,3.4,0.06,0.06
2023,45186,0,0.75,,,,3,0,3,8.23,8.23
2023,45187,0,0,,,,8.2,5,8.2,1.73,1.73
2023,45188,0.2,0,,,,0.4,0,0.4,0.15,0.15
2023,45189,0.02,0,,,,0,19,0,0,0
2023,45190,0,0,,,,22.2,16,22.2,18.41,18.41
2023,45191,7.72,0,,,,3.2,0,3.2,7.94,7.94
2023,45192,0.8,0,,,,0,0.03,0,0,0
2023,45193,0.02,0,,,,0,0.01,0,0,0
2023,45194,0,0,,,,0,0.02,0,0,0
2023,45195,0,0,,,,0,0,0,0,0
2023,45196,0,0,,,,0,0.02,0,0,0
2023,45197,0.07,0,,,,0,0,0,0,0
2023,45198,0,0.78,,,,1.19,1.81,1.19,1.38,1.38
2023,45199,0,0,,,,0,0.04,0,0,0
2023,45200,0,0,,,,0,0.02,0,0.03,0.03
2023,45201,0,,,,,,,,0,0
2023,45202,,,,,,,,,,
2023,45203,,,,,,,,,,
2023,45204,,,,,,,,,,
2023,45205,,,,,,,,,,
