Date,0_30(grav%),30_60(grav%),0_5(grav%),sensor,year
44365,9.86,8.27,,C55D7C,2021
44365,13.02,9.87,,C55D7C,2021
44365,11.12,9.37,,C55D7C,2021
44365,10.68,8.71,,C55D7C,2021
44365,12.05,9.64,,C55D7C,2021
44365,12.7,8.96,,C55D7C,2021
44365,10.99,8.76,,C55D7C,2021
44365,13.09,9.68,,C55D7C,2021
44365,10.42,9.12,,C55D7C,2021
44378,19.56,15.84,,C55D7C,2021
44378,17.25,13.66,,C55D7C,2021
44378,16.82,12.19,,C55D7C,2021
44378,16.2,11.28,,C55D7C,2021
44378,17.6,11.72,,C55D7C,2021
44378,16.37,11.47,,C55D7C,2021
44378,16.57,11.16,,C55D7C,2021
44378,16.49,12.21,,C55D7C,2021
44378,15.24,11.38,,C55D7C,2021
44385,11.53,11.84,,C55D7C,2021
44385,12.17,11.74,,C55D7C,2021
44385,11.96,11.84,,C55D7C,2021
44385,11.37,12.26,,C55D7C,2021
44385,11.69,11.52,,C55D7C,2021
44385,11.12,10.89,,C55D7C,2021
44385,10.39,12.85,,C55D7C,2021
44385,10.43,12.32,,C55D7C,2021
44385,10.8,10.66,,C55D7C,2021
44392,18.75,13.1,,C55D7C,2021
44392,18.69,13.1,,C55D7C,2021
44392,18.88,13.21,,C55D7C,2021
44392,19.4,12.66,,C55D7C,2021
44392,17.63,11.15,,C55D7C,2021
44392,20.89,13.62,,C55D7C,2021
44392,17.49,11.68,,C55D7C,2021
44392,18.05,11.59,,C55D7C,2021
44392,18.16,11.57,,C55D7C,2021
44403,10.91,9.74,,C55D7C,2021
44403,10.85,10.42,,C55D7C,2021
44403,10.39,9.73,,C55D7C,2021
44403,11.19,9.84,,C55D7C,2021
44403,10.96,8.82,,C55D7C,2021
44403,10.72,9.16,,C55D7C,2021
44403,11.4,8.82,,C55D7C,2021
44403,10.86,8.47,,C55D7C,2021
44403,11.13,7.87,,C55D7C,2021
44419,12.05,8.55,,C55D7C,2021
44419,11.9,7.82,,C55D7C,2021
44419,12.14,8.84,,C55D7C,2021
44419,11.76,9.15,,C55D7C,2021
44419,12.33,9.52,,C55D7C,2021
44419,11.8,9.99,,C55D7C,2021
44419,12.29,9.44,,C55D7C,2021
44419,12.34,10.38,,C55D7C,2021
44419,12.27,10.38,,C55D7C,2021
44434,10.33,7.73,,C55D7C,2021
44434,10.57,7.42,,C55D7C,2021
44434,9.61,8.5,,C55D7C,2021
44434,9.02,10.57,,C55D7C,2021
44434,9.04,10.68,,C55D7C,2021
44434,8.77,10.21,,C55D7C,2021
44434,10.12,8.52,,C55D7C,2021
44434,10.26,14.25,,C55D7C,2021
44434,10.34,8.72,,C55D7C,2021
44326,12.57,,,C535CA,2021
44357,8.46,,,C535CA,2021
44365,11.12,10.02,,C535CA,2021
44365,9.97,9.62,,C535CA,2021
44365,8.32,11.42,,C535CA,2021
44365,10.93,10.58,,C535CA,2021
44365,9.57,10.31,,C535CA,2021
44365,9.02,10.81,,C535CA,2021
44365,10.86,10.72,,C535CA,2021
44365,9.88,10.59,,C535CA,2021
44365,11,11.01,,C535CA,2021
44378,14.63,11.09,,C535CA,2021
44378,16.01,11.02,,C535CA,2021
44378,15.64,10.63,,C535CA,2021
44378,15.92,11.24,,C535CA,2021
44378,14.88,10.62,,C535CA,2021
44378,15.1,10.67,,C535CA,2021
44378,15.31,10.25,,C535CA,2021
44378,15.47,10.49,,C535CA,2021
44378,14.62,10.37,,C535CA,2021
44392,18.13,11.17,,C535CA,2021
44392,17.82,10.71,,C535CA,2021
44392,17.24,10.34,,C535CA,2021
44392,17.97,9.57,,C535CA,2021
44392,17.01,9.95,,C535CA,2021
44392,18.22,10.84,,C535CA,2021
44392,17.27,10.56,,C535CA,2021
44392,17.08,10.67,,C535CA,2021
44392,17.51,9.88,,C535CA,2021
44403,8.6,7.96,,C535CA,2021
44403,6.69,8.48,,C535CA,2021
44403,7.51,8.53,,C535CA,2021
44403,6.62,8.19,,C535CA,2021
44403,8.13,8.42,,C535CA,2021
44403,7.12,7.99,,C535CA,2021
44403,6.87,8.1,,C535CA,2021
44403,7.17,8.31,,C535CA,2021
44403,7.21,8.27,,C535CA,2021
44326,12.41,,,C54762,2021
44326,12.82,,,C54762,2021
44326,11.97,,,C54762,2021
44326,12.93,,,C54762,2021
44326,12.89,,,C54762,2021
44326,12.64,,,C54762,2021
44326,13.14,,,C54762,2021
44326,13.43,,,C54762,2021
44350,11.61,,,C54762,2021
44350,11.47,,,C54762,2021
44350,11.37,,,C54762,2021
44350,11.77,,,C54762,2021
44357,9.67,,,C54762,2021
44378,22.51,,,C54762,2021
44378,24.28,,,C54762,2021
44378,21.75,,,C54762,2021
44378,24.04,,,C54762,2021
44378,22.86,,,C54762,2021
44378,19.07,14.57,,C54762,2021
44378,18.56,15.19,,C54762,2021
44378,17.63,11.81,,C54762,2021
44392,21.91,,,C54762,2021
44392,21.04,,,C54762,2021
44392,21.71,,,C54762,2021
44392,23.08,,,C54762,2021
44392,18,12.87,,C54762,2021
44392,24.08,14.86,,C54762,2021
44392,18.87,16.29,,C54762,2021
44392,20.27,10.62,,C54762,2021
44403,12.27,12.87,,C54762,2021
44403,12.8,12.72,,C54762,2021
44403,13.45,11.85,,C54762,2021
44403,14.29,,,C54762,2021
44403,12.36,10.3,,C54762,2021
44403,13.95,13.9,,C54762,2021
44403,13.04,12.3,,C54762,2021
44403,12.23,12.46,,C54762,2021
44335,16.73,,,012384F3720B710DEE,2021
44348,13.33,,,012384F3720B710DEE,2021
44376,16.74,,,012384F3720B710DEE,2021
44391,15.11,15.87,,012384F3720B710DEE,2021
44406,13.62,,,012384F3720B710DEE,2021
44425,9.87,12.31,,012384F3720B710DEE,2021
44354,21.73,,18.6,C58157,2021
44362,,,18.18,C58157,2021
44370,24.32,,23.23,C58157,2021
44384,22.78,22.33,,C58157,2021
44396,21.64,20.45,,C58157,2021
44411,22.41,19.57,,C58157,2021
44424,19.59,19.5,,C58157,2021
44442,19.5,20.14,,C58157,2021
44452,18.87,18.57,,C58157,2021
44309,,,,2F71D1,2021
44326,18.69,,,2F71D1,2021
44343,21.85,16.97,,2F71D1,2021
44357,16.96,,,2F71D1,2021
44371,18.21,15.48,,2F71D1,2021
44391,23.41,21.43,,2F71D1,2021
44399,20.72,17.4,,2F71D1,2021
44420,15.87,16.11,,2F71D1,2021
44438,12.88,14.13,,2F71D1,2021
44454,17.8,16.81,,2F71D1,2021
44756,8.33,8.93,,C55D7C,2022
44789,8.78,9.57,,C55D7C,2022
44802,12.15,10.85,,C55D7C,2022
44680,13.01,,,C55D7C,2022
44698,11.11,,,C55D7C,2022
44722,17.14,12.42,,C55D7C,2022
44700,10.9,,,C535CA,2022
44722,14.76,12.63,,C535CA,2022
44740,11,,,C535CA,2022
44753,7.22,,,C535CA,2022
44760,7.22,6.92,,C535CA,2022
44785,13.49,11.01,,C535CA,2022
44802,11.09,10.06,,C535CA,2022
44698,11.96,14.34,,2F71D1,2022
44712,13.51,,,2F71D1,2022
44840,14.69,,,2F71D1,2022
44733,15.62,,,2F71D1,2022
44748,14.9,16.66,,2F71D1,2022
44768,11.28,13.89,,2F71D1,2022
44784,10.41,11.51,,2F71D1,2022
44705,16.16,,,C54986,2022
44705,16,,,C54986,2022
44705,15.56,,,C54986,2022
44705,16.19,,,C54986,2022
44691,13.95,,,C54986,2022
44691,13.88,,,C54986,2022
44691,13.69,,,C54986,2022
44691,14.68,,,C54986,2022
44728,12.08,14.1,,C54986,2022
44728,12.11,13.66,,C54986,2022
44728,12.13,12.82,,C54986,2022
44728,12.63,14.36,,C54986,2022
44734,9.31,,,C54986,2022
44734,9.44,,,C54986,2022
44734,9.17,,,C54986,2022
44734,10.17,,,C54986,2022
44749,9.87,12.27,,C54986,2022
44749,10.33,12.41,,C54986,2022
44749,9.34,11.87,,C54986,2022
44749,9.78,13.06,,C54986,2022
44761,7.39,9.04,,C54986,2022
44761,7.5,9.17,,C54986,2022
44761,7.76,7.88,,C54986,2022
44761,7.63,9.26,,C54986,2022
44789,7.69,8.41,,C54986,2022
44789,6.69,7.06,,C54986,2022
44789,6.57,6.29,,C54986,2022
44789,7.36,8.92,,C54986,2022
44700,,,21.7,C58157,2022
44700,,,25.33,C58157,2022
44700,,,25.7,C58157,2022
44700,,,23,C58157,2022
44705,22.27,,22.57,C58157,2022
44705,22.71,,22.76,C58157,2022
44705,23.13,,22.44,C58157,2022
44705,24.53,,23.19,C58157,2022
44734,19.79,19.9,,C58157,2022
44734,19.31,19.32,,C58157,2022
44734,20.95,20.19,,C58157,2022
44734,21.11,19.59,,C58157,2022
44754,14.92,17.33,,C58157,2022
44754,15.46,16.74,,C58157,2022
44754,15.22,16.63,,C58157,2022
44754,19.4,19.13,,C58157,2022
44761,15.99,16.38,,C58157,2022
44761,15.16,15.36,,C58157,2022
44761,18.07,16.45,,C58157,2022
44761,18.44,17.81,,C58157,2022
44775,13.2,12.16,,C58157,2022
44775,11.01,10.99,,C58157,2022
44775,14.29,13.6,,C58157,2022
44775,16.23,12.55,,C58157,2022
44791,20.63,19.72,,C58157,2022
44791,21.26,18.3,,C58157,2022
44791,21.31,17.99,,C58157,2022
44791,22.01,18.82,,C58157,2022
44806,21.39,20.54,,C58157,2022
44806,23.46,19.62,,C58157,2022
44806,24.27,21.51,,C58157,2022
44806,24.33,21.36,,C58157,2022
44819,22.29,20.21,,C58157,2022
44819,22.45,20.38,,C58157,2022
44819,22.45,20.77,,C58157,2022
44819,23.16,20.9,,C58157,2022
45083,18.44596263,,,C58157,2023
45083,18.17702763,,,C58157,2023
45083,18.17747577,,,C58157,2023
45083,17.48029013,,,C58157,2023
45083,17.59452124,,,C58157,2023
45085,9.58,,,C54986,2023
45085,9.51,,,C54986,2023
45085,10.46,,,C54986,2023
45085,9.63,,,C54986,2023
45085,18.39,,,C562C6,2023
45085,20.11,,,C562C6,2023
45085,19.3,,,C562C6,2023
45085,20.7,,,C562C6,2023
45098,25.38,,,C54992,2023
45098,22.57,,,C54992,2023
45098,20.68,,,C54992,2023
45098,22.01,,,C54992,2023
45103,20.8,21.11,,C58157,2023
45103,20.15,20.8,,C58157,2023
45103,20.71,20.83,,C58157,2023
45103,21.55,20.66,,C58157,2023
45103,20.74,20.54,,C58157,2023
45104,9.78,,,C54986,2023
45104,10.82,,,C54986,2023
45104,10.7,,,C54986,2023
45104,11.3,,,C54986,2023
45104,15.89,,,C562C6,2023
45104,18.08,,,C562C6,2023
45104,15.76,,,C562C6,2023
45104,17.4,,,C562C6,2023
45120,20.802126,,,C54992,2023
45120,18.008025,,,C54992,2023
45120,16.427989,,,C54992,2023
45120,17.027501,,,C54992,2023
45131,8.530497,8.565845,,C54986,2023
45131,8.038029,8.518719,,C54986,2023
45131,8.790252,8.096422,,C54986,2023
45131,11.37098,10.52166,,C54986,2023
45127,10.7665,8.991826,,C562C6,2023
45127,12.99435,11.44545,,C562C6,2023
45127,9.769484,8.944329,,C562C6,2023
45127,11.96954,11.66946,,C562C6,2023
45125,18.13909774,18.39910086,,C58157,2023
45125,17.40555069,18.70849774,,C58157,2023
45125,17.52911225,18.44153734,,C58157,2023
45125,16.34361793,18.27927871,,C58157,2023
45125,17.32085487,18.43002886,,C58157,2023
45132,21.8,18.36,,C535C9,2023
45132,26.93,26.13,,C54992,2023
45132,24.42,21.28,,C54992,2023
45132,22.95,21.68,,C54992,2023
45132,26.83,22.96,,C54992,2023
45148,21.75819,22.32416,,C58157,2023
45148,22.33912,22.35409,,C58157,2023
45148,25.23482,22.15979,,C58157,2023
45148,21.98097,22.12995,,C58157,2023
45148,22.48898,21.10936,,C58157,2023
45160,16.67,19.81,,C54992,2023
45160,15.43,22.83,,C535C9,2023
45160,18.79,21.14,,C54992,2023
45160,21.46,20.63,,C54992,2023
45160,23.53,20.78,,C54992,2023
45147,19.36,15.42,,C562C6,2023
45147,20.05,17.93,,C562C6,2023
45147,18.61,17.42,,C562C6,2023
45147,19.88,17.52,,C562C6,2023
45156,10.86,11.09,,C54986,2023
45156,12.18,13.58,,C54986,2023
45156,12.38,13.58,,C54986,2023
45156,12.66,14.43,,C54986,2023
45169,22.4081791,20.74105422,,C58157,2023
45169,22.03995557,20.07051668,,C58157,2023
45169,22.24900129,19.99112689,,C58157,2023
45169,21.99029438,19.95664273,,C58157,2023
45169,22.65778253,20.06290965,,C58157,2023
45177,8.260258,9.70927,,C54986,2023
45177,9.685203,11.27184,,C54986,2023
45177,9.397221,11.91942,,C54986,2023
45177,9.89011,13.13497,,C54986,2023
45180,14.43,12.46,,C562C6,2023
45180,15.96,15.71,,C562C6,2023
45180,14.51,14.3,,C562C6,2023
45180,16.36,14.63,,C562C6,2023
45049,12.57,,,C55D7C,2023
45077,9.53,8.86,,C55D7C,2023
45103,12.4,12.6,,C55D7C,2023
45139,14.75,933,,C55D7C,2023
45170,17.8,12.12,,C55D7C,2023
45049,11.43,,,C535CA,2023
45082,5.74,,,C535CA,2023
45138,15.97,11.3,,C535CA,2023
45169,12.54,10.64,,C535CA,2023
